model,ns0:participant,ns0:messageFlow,ns0:choreographyTask,ns0:exclusiveGateway,ns0:endEvent,ns0:sequenceFlow,ns0:startEvent,ns0:subChoreography,ns0:intermediateCatchEvent,ns0:eventBasedGateway,ns0:textAnnotation,ns0:association,ns0:parallelGateway,ns0:intermediateThrowEvent,ns0:inclusiveGateway,ns0:extensionElements,ns0:boundaryEvent,ns0:group,ns0:complexGateway
sid-3b30af22-89d4-4b49-a7d6-aca3492f4238,8,5,4,1,1,6,0,0,0,0,0,0,0,0,0,0,0,0,0
sid-6fae257a-0ec8-43ff-881c-e3a7596500f1,13,1,1,3,1,11,1,5,0,0,0,0,0,0,0,0,0,0,0
sid-cbccbb71-e269-456a-a216-28b5830a6b6e,6,3,3,1,2,6,1,0,0,0,0,0,0,0,0,0,0,0,0
sid-ee9539c0-25e5-463f-ba9c-72af1f3d027f,8,5,4,3,2,10,1,0,0,0,0,0,0,0,0,0,0,0,0
sid-5e6ef4c6-ff32-4cd0-a252-abf698137e55,22,22,11,2,1,16,1,0,1,0,0,0,0,0,0,0,0,0,0
sid-85f5fbc7-3837-460c-a212-faa2537a2c4b,10,6,5,1,1,8,1,0,0,0,0,0,0,0,0,0,0,0,0
sid-176fe685-76e4-43f0-9d29-6234a4d5de84,14,8,7,2,2,14,1,0,0,2,0,0,0,0,0,0,0,0,0
sid-2e9428a6-0801-4e88-8210-c6bc2f1c40da,20,13,10,2,1,15,1,0,0,0,0,0,0,0,0,0,0,0,0
sid-f13fa857-afb8-4e04-babe-a8a479e0f256,12,6,6,0,1,7,1,0,0,0,0,0,0,0,0,0,0,0,0
sid-b8477993-63cb-41ce-8972-7268529ae279,20,5,4,0,1,18,1,6,1,0,1,1,4,0,0,0,0,0,0
sid-674da579-dcef-4775-b703-35d246b67bce,6,6,3,0,1,4,1,0,0,0,0,0,0,0,0,0,0,0,0
sid-14946a5a-a28c-4301-9343-040b3ffafb3c,10,5,5,1,0,9,1,0,1,1,0,0,0,0,0,0,0,0,0
sid-8705477d-c8ef-4808-8968-2a531fd1726d,18,9,9,0,5,20,1,0,3,0,0,0,3,0,0,0,0,0,0
sid-83deb449-3a89-4172-8d07-ae4d82f33846,3,2,14,7,1,30,1,0,0,1,0,0,2,0,0,0,0,0,0
sid-f1733dfd-bc76-4b2d-b5a7-8a7a4672f011,14,8,7,3,0,12,1,0,0,0,0,0,0,1,0,0,0,0,0
sid-c587606b-ce38-4f08-b71f-6d986b56ae44,18,9,9,7,5,25,1,0,0,1,0,0,0,0,0,0,0,0,0
sid-cd5e6cc0-d59c-4bae-9922-f027f6369b8e,10,5,5,3,2,11,1,0,0,0,0,0,0,0,0,0,0,0,0
sid-24949f80-f61f-4372-83d5-6a6139f7126e,14,9,7,0,2,10,1,0,0,1,0,0,0,0,0,0,0,0,0
sid-1f49176a-37aa-4df7-b2da-346f1ef5200c,60,30,30,12,8,68,2,0,2,3,0,0,4,0,0,0,0,0,0
sid-5be5b2a3-7f94-4cff-8c01-066c7d0641b3,4,2,2,0,1,3,1,0,0,0,0,0,0,0,0,0,0,0,0
sid-c8693574-4e40-4ea7-bcf0-50eb9b6b43d3,6,0,0,0,1,4,1,3,0,0,0,0,0,0,0,0,0,0,0
sid-8a23c62b-a1e9-43b3-ad52-b001780d8071,20,11,10,3,3,24,1,0,2,3,0,0,0,0,0,0,0,0,0
sid-885f8791-67f7-435c-a1c1-fa3060464095,14,8,7,2,1,12,1,0,0,0,0,0,0,0,0,0,0,0,0
sid-8d6f28e6-0a43-4669-9326-4f9317395505,8,4,4,2,2,8,0,0,0,0,0,0,0,0,0,0,0,0,0
sid-8e3e59a8-9b95-4571-bca9-744d5de853e2,8,4,4,0,0,3,0,0,0,0,4,4,0,0,0,0,0,0,0
sid-d9e1b2f4-eb75-43c6-a42b-bb9cb82a30c0,14,8,7,2,2,14,1,0,0,2,0,0,0,0,0,0,0,0,0
sid-66c6634c-651a-4641-9ff4-7624fbb5f6e5,12,7,6,2,2,15,1,0,0,1,0,0,2,0,0,0,0,0,0
sid-5d967ea5-3cb1-4120-8ad5-c3763be8c6eb,4,2,2,1,0,3,1,0,0,0,0,0,0,0,0,0,0,0,0
sid-5823deaf-f759-45fe-9cab-90ce484355cd,12,6,6,1,3,13,1,0,0,2,0,0,0,0,0,0,0,0,0
sid-7c94b3cf-1690-4cd3-849d-70ab08e4a3be,8,7,4,0,1,5,1,0,0,0,0,0,0,0,0,0,0,0,0
sid-bc5324da-e75b-493d-b4d3-43f3a510dfae,12,7,6,1,2,9,1,0,0,0,2,2,0,0,0,0,0,0,0
sid-245413b3-dd0c-4f6b-985b-0b192749903f,18,9,9,0,2,14,1,0,1,1,0,0,0,0,0,0,0,0,0
sid-d0a8d44e-cf2f-4f13-8956-cc0970510211,6,0,0,0,1,4,1,3,0,0,0,0,0,0,0,0,0,0,0
sid-1750b9d3-9f4f-462f-aee1-a01d2dfc6b92,14,6,6,2,0,14,0,0,2,2,0,0,0,2,0,0,0,0,0
sid-6eeb5eba-8dc1-450d-af98-2ea94deffbd8,20,9,9,0,0,12,3,0,0,0,0,2,2,0,0,0,0,0,0
sid-6e81d4b9-59ec-437c-868d-b606aa491473,8,8,4,1,1,7,1,0,0,0,0,0,0,0,0,0,0,0,0
sid-3b7423ed-56e5-480e-8f82-45b2c1404c69,19,9,4,1,2,11,1,1,0,0,1,1,0,0,2,0,0,0,0
sid-cd0c5e9a-c738-48c8-a595-cf58fafbdd25,8,5,4,0,1,8,1,0,1,1,0,0,0,0,0,0,0,0,0
sid-4a070cda-ba8f-4133-9dc4-b819d8069c3d,14,7,7,0,1,11,1,0,0,0,0,0,2,0,0,0,0,0,0
sid-c39a9429-1d58-4e6e-a120-31b3cbfcb503,8,4,4,1,1,8,1,0,0,1,0,0,0,0,0,0,0,0,0
sid-87a6e152-ab8d-4a69-8b3c-53b4cd62e97b,1,0,6,0,0,20,0,0,0,0,0,0,0,0,0,0,0,0,0
sid-8726689a-7f10-4da4-b4d3-bbf11e009b4d,28,14,14,4,1,22,1,0,0,0,0,0,0,0,0,0,0,0,0
sid-96a8a28e-ea74-4210-9056-b0b25f0c593b,6,3,3,0,1,4,1,0,0,0,0,0,0,0,0,0,0,0,0
sid-8d6ef4f0-e1e9-4306-841e-e75400881f3e,16,7,7,2,3,16,1,1,1,0,0,0,1,0,0,0,0,0,0
sid-dc6f2013-5461-4886-93d4-958aaf3cf20f,10,6,5,0,1,7,1,0,0,1,0,0,0,0,0,0,0,0,0
sid-527b83de-61e6-4ab4-aa70-9f1a843217c8,14,8,7,0,1,14,1,0,0,2,0,0,0,0,2,0,0,0,0
sid-990cf947-5e65-44c6-850c-ad7f5ae896c4,10,8,5,0,1,7,1,0,0,1,0,0,0,0,0,0,0,0,0
sid-9294e24a-8bf7-4def-957c-4297ef273ffc,16,12,8,2,2,13,1,0,0,0,0,0,0,0,0,0,0,0,0
sid-0f038a0d-17f4-490c-90fe-ef2d22e1ea03,12,9,6,1,1,9,1,0,0,0,0,0,0,0,0,0,0,0,0
sid-4c6ca37d-d00b-4ab0-a0c3-ab84b0d5baef,13,6,5,4,4,20,1,1,2,2,0,0,0,0,0,0,0,0,0
sid-d8d3781e-3b5a-4864-8c2e-da05b5b75a2b,6,3,3,1,1,6,1,0,0,0,0,0,0,0,0,0,0,0,0
sid-a056cead-b17c-4c35-a48f-be2eaf273826,16,9,8,2,2,13,1,0,0,0,0,0,0,0,0,0,0,0,0
sid-32ebd244-789a-4034-845b-7909f514afae,24,20,12,1,2,18,1,0,0,0,0,0,2,0,0,0,0,0,0
sid-35d421d1-fdf5-47d4-9244-7cc94b5b73f7,12,8,6,1,2,13,1,0,1,1,0,0,0,0,0,0,0,0,0
sid-049985cd-4703-446d-9018-b094d2a6b682,14,8,7,0,3,12,1,0,0,2,0,0,0,0,0,0,0,0,0
sid-1b03dae4-1220-4194-a4ff-3d777cd79c1c,10,5,5,0,1,9,1,0,0,0,0,0,2,0,0,0,0,0,0
sid-d20342fc-03da-4307-9346-039678f8e12f,0,0,0,0,0,1,0,0,0,0,0,0,0,0,0,0,0,0,0
sid-8adff002-4553-45db-8230-17a8b2ceca94,14,9,7,0,1,14,1,0,1,1,0,0,2,0,1,0,0,0,0
sid-99eb3a0d-61d8-4e1b-89e1-e9530ec292e3,16,9,8,0,6,18,1,0,2,2,0,0,0,0,0,0,0,0,0
sid-49750b77-ac60-4753-9546-7a2f420eb466,14,8,7,4,1,14,1,0,0,0,0,0,0,0,0,0,0,0,0
sid-ba9faa9e-9951-49a5-bd6f-7111c4fe8feb,22,11,11,1,5,20,1,0,1,2,0,0,1,0,0,0,0,0,0
sid-1e54f458-a99d-4967-baa4-929c6fb5c8af,30,15,15,4,4,25,1,0,0,0,0,0,0,0,0,0,0,0,0
sid-803529cd-5462-4065-acad-4d14fdc55db7,10,5,5,2,1,11,1,0,0,0,0,0,0,0,0,0,0,0,0
sid-149d8e29-62f9-4c55-ba8d-4019099ea98d,8,3,0,0,0,1,0,1,0,0,0,0,0,0,0,0,0,0,0
sid-7b4d3126-8683-4996-8d30-740f84ef8115,21,8,7,0,0,9,1,2,0,0,0,0,0,0,0,0,0,0,0
sid-5d229207-934b-484a-9184-adf131b855d9,4,4,2,0,0,3,1,0,0,0,0,0,1,0,0,0,0,0,0
sid-f2d47885-b575-4f2f-9b45-389a427bafb2,18,10,9,5,3,20,1,0,0,0,0,0,1,0,0,0,0,0,0
sid-5aefb762-fb87-4c5e-96a2-1e48284acd78,18,9,9,2,3,17,1,0,0,0,0,0,2,0,0,0,0,0,0
0c040e89fc68457cb588fb0958b68da4.bpmn,0,0,0,0,0,0,1,0,0,0,0,0,0,0,0,1,0,0,0
sid-95718e84-e21c-4852-8383-b8aa8c8c4073,2,1,1,0,1,2,1,0,0,0,0,0,0,0,0,0,0,0,0
sid-90dd6535-b881-470c-be27-525c62184d94,15,6,4,0,4,12,3,3,0,0,0,0,1,0,0,0,0,0,0
sid-00931e22-a013-48e2-abaa-24359dc59979,12,6,6,2,1,11,1,0,0,0,0,0,0,0,0,0,0,0,0
sid-a0661d13-d6f6-4c5e-ad79-6ee21a187989,13,6,6,1,0,7,0,0,0,0,0,0,0,0,0,0,0,0,0
sid-9528f372-3640-4330-b638-bd05fc85d2a6,14,8,7,0,1,9,1,0,0,0,0,0,1,0,0,0,0,0,0
sid-c31a3727-86b3-4235-b988-7d41d45008cb,16,10,8,3,3,18,1,0,0,0,0,0,2,0,0,0,0,0,0
sid-01bbe8f4-68b4-440b-903f-198c1fbf1168,14,5,5,1,1,10,1,2,0,0,0,0,0,0,0,0,0,0,0
sid-c09c74f2-18bf-4bdb-8aec-1378939bc59d,10,5,5,1,2,8,1,0,0,0,0,0,0,0,0,0,0,0,0
sid-ee3e9c07-cec5-4c49-9c23-3d6661e2c51f,22,11,11,1,5,22,1,0,0,3,0,0,1,0,0,0,1,0,0
sid-1d328258-393f-4c14-83b6-1b3fdbaba6ac,12,6,6,3,3,12,0,0,0,0,0,0,0,0,0,0,0,0,0
sid-9a482a2a-ebcd-4976-9450-23b8db8e57ca,18,10,9,1,1,12,1,0,0,0,0,0,0,0,0,0,0,0,0
sid-c8da1d2f-d82f-479e-bf22-02b735750452,19,12,9,1,1,12,1,0,0,0,0,0,0,0,0,0,0,0,0
sid-48bc8f06-fc71-4dd2-b520-ae758d6acf82,24,14,12,2,2,17,1,0,0,0,0,0,0,0,0,0,0,0,0
sid-899d0745-6df7-4a3e-8cc3-f083d272a9f2,18,10,9,4,3,22,1,0,1,2,0,0,0,0,0,0,0,0,0
sid-bd0b944f-960c-4193-b778-3535aa1b6f0d,12,8,6,2,1,11,1,0,0,0,0,0,0,0,0,0,0,0,0
0d0bedbc1a7141d2b58502fa84bf3dcc.bpmn,0,0,0,0,2,10,1,0,0,1,0,0,0,7,0,1,0,2,0
sid-a4984eee-ed99-4d91-a6eb-e6e4f30cc6dd,6,6,3,0,1,4,1,0,0,0,0,0,0,0,0,0,0,0,0
sid-0c7a88f1-e59d-4ea1-be57-f444684c0e07,1,0,1,0,0,0,0,0,0,0,0,0,0,0,0,0,0,0,0
sid-28b79382-24eb-4a2c-9838-e689325e8841,20,13,10,2,5,26,2,0,3,3,1,1,0,0,0,0,0,0,0
sid-4a964d0f-1a31-485d-a96f-f13ff4faf078,22,8,3,2,1,9,1,2,0,0,0,0,0,0,0,0,0,0,0
sid-51fb42eb-3a1d-4b3a-8092-a07628ce4533,126,63,12,6,6,43,1,8,4,1,0,1,2,0,0,0,0,0,0
sid-c73a6fe0-6a40-4666-9364-6836ff009bab,10,6,5,4,1,13,1,0,1,0,0,0,0,0,0,0,0,0,0
sid-20037940-50d3-4e8a-bc7e-7698c1211b67,17,8,8,1,0,9,1,0,0,0,0,0,0,0,0,0,0,0,0
sid-19396877-be94-440c-98de-2cc3f663a397,8,6,4,2,1,8,1,0,0,0,0,0,0,0,0,0,0,0,0
sid-2589735f-7c03-4bc3-8845-9ffa116295f5,8,4,4,2,2,11,1,0,0,1,0,0,0,0,0,0,0,0,0
sid-71d1b16b-fe5d-4652-9517-6cabd9313adb,20,11,10,2,3,20,1,0,0,1,0,0,0,0,2,0,0,0,0
sid-588a21ad-9b15-467e-8b50-b0e125d447a2,16,8,8,1,2,14,1,0,0,0,0,0,2,0,0,0,0,0,0
sid-6bcad21b-c179-4fd1-8191-1d4724d90800,6,3,3,1,2,8,1,0,0,0,2,0,0,5,0,0,0,0,0
sid-013a683b-d99f-4e2b-9a44-a2ab7b15edff,8,8,4,0,1,5,1,0,0,0,0,0,0,0,0,0,0,0,0
sid-b992fcba-3f85-4a2f-bfc4-782da54bec68,4,2,2,0,1,6,1,0,0,0,0,0,2,0,0,0,0,0,0
sid-525ef021-73c4-47f0-8657-45f51a457664,10,6,5,5,1,16,1,0,1,1,1,1,0,0,0,0,0,0,0
sid-66dc332a-13c9-4318-90d8-c33d15dc4d4b,26,13,13,9,2,28,1,0,0,0,0,0,0,0,0,0,0,0,0
sid-04d84a1d-db2d-455e-bc39-0d7a8eaa8f28,10,5,5,1,2,8,1,0,0,0,0,0,0,0,0,0,0,0,0
sid-c6b40335-6f00-4054-b7df-e07d7aef18d9,6,4,3,0,0,3,1,0,0,0,0,0,0,0,0,0,0,0,0
sid-5e4a5003-a3f9-46f6-9490-81db6e8a7822,13,6,7,0,0,6,0,0,0,0,0,0,0,0,0,0,0,0,0
sid-a00b0462-4ff5-4e14-9207-23ebd44452ef,12,8,6,2,1,11,1,0,0,0,0,0,0,0,0,0,0,0,0
sid-52f21c53-17b7-408e-a08d-bc10d91ac462,16,10,8,4,3,21,1,0,1,1,0,0,1,0,0,0,0,0,0
sid-b6299ab5-7383-489e-b254-520e60c2bdd5,10,5,5,1,0,7,1,0,0,0,0,0,0,0,0,0,0,0,0
sid-89ce7778-6a34-44a3-9d8e-028f60de69b8,0,0,0,0,0,5,0,0,0,0,0,0,0,0,0,0,0,0,0
sid-2f1ed582-67eb-4298-aab6-b250f5dd5792,4,2,2,0,0,2,0,0,0,0,0,0,1,0,0,0,0,0,0
sid-a8d573e7-fff3-4f05-99f5-ad75eb2f82dd,8,6,4,1,2,9,1,0,1,1,0,0,0,0,0,0,0,0,0
sid-219b425f-0b0a-4237-97b4-1049b4b95dac,18,10,9,1,1,12,1,0,0,0,0,0,0,0,0,0,0,0,0
sid-06317b2c-8394-421b-81c4-6c07daef8362,6,3,3,0,0,2,0,0,0,0,0,0,0,0,0,0,0,0,0
sid-923a2bb4-1051-4f29-87dd-6e5b375e9683,12,6,6,1,1,9,1,0,0,0,0,0,0,0,0,0,0,0,0
sid-4b773825-f7f5-4af6-a4bc-7c751229abc9,10,6,1,0,1,4,1,2,0,0,0,0,0,0,0,0,0,0,0
sid-f83035e9-58c5-4d98-b329-059167df7174,12,8,6,2,1,11,1,0,0,0,0,0,0,0,0,0,0,0,0
sid-b9d38818-db56-4856-afa5-9820ecac8c75,8,6,4,1,1,6,1,0,0,0,0,0,0,0,0,0,0,0,0
sid-790aba83-e7f2-47c6-af6d-c4a3a819d94b,18,9,9,4,3,23,1,0,2,2,0,0,0,0,0,0,0,0,0
sid-51318cd8-87de-43eb-ae12-53a8722ff3e8,14,7,7,1,2,10,1,0,0,0,0,0,0,0,0,0,0,0,0
sid-f87688fa-edc3-469a-a5e7-5b1413c4bbdc,12,9,6,1,1,9,1,0,0,0,0,0,0,0,0,0,0,0,0
sid-6f106151-3fbf-49f3-b4f1-dbddb5207068,6,4,3,1,1,6,1,0,0,0,0,0,0,0,0,0,0,0,0
sid-8743fa75-0426-478a-a99f-bb6b1f47e334,2,0,0,0,0,0,0,1,0,0,0,0,0,0,0,0,0,0,0
sid-d316e739-15a9-4bb6-a367-eefa6b40efb8,8,5,4,0,1,5,1,0,0,0,0,0,0,0,0,0,0,0,0
sid-08ae36f7-2fc8-4cb9-99ad-0131c6749977,6,2,2,3,1,9,1,1,0,0,1,1,0,0,0,0,0,1,0
sid-af6aa62d-6560-44f0-bbbc-66fc174549b6,16,8,8,3,3,15,1,0,0,0,0,0,0,0,0,0,0,0,0
sid-a95a5d6a-2b41-4e8f-8102-434f9a4e1fe5,12,6,6,3,0,13,1,0,0,0,0,0,0,0,0,0,0,0,0
sid-dfac662d-c2c3-4e1d-ba99-01806be0b624,30,18,15,6,4,30,3,0,1,0,0,0,0,0,0,0,0,0,0
sid-840435b9-280c-40ff-aba9-d5e70936df2a,46,24,23,5,6,51,1,0,2,7,0,0,2,0,0,0,0,0,0
sid-6fe3176c-68aa-4788-9ae5-c315f7db655d,18,16,9,6,2,20,2,0,0,0,0,0,0,0,0,0,0,0,0
sid-f092d9b6-5b47-4d4c-bcfc-32598ccfc23a,18,12,6,1,1,11,1,0,2,0,0,0,1,0,0,0,0,0,0
sid-6a9767ad-c5a1-43cb-b4af-42ccb98aef33,22,0,0,5,3,21,3,11,0,0,0,0,0,0,0,0,0,0,0
sid-35ac8c19-825e-42b4-84dc-8d18660a8321,96,48,56,19,9,116,1,0,0,0,17,19,8,0,2,0,0,0,0
sid-4846d18b-7fa5-49dc-ab94-564edd0612de,20,14,10,2,0,21,1,0,2,2,0,0,0,0,0,0,0,0,0
sid-f186053c-1c8b-44d7-ac54-2d7e3552f1e6,4,1,7,1,2,10,1,0,0,0,0,0,0,0,0,0,0,0,0
sid-c239cb15-3968-4cca-b4a1-74804d783fc4,2,1,1,0,0,0,0,0,0,0,0,0,0,0,0,0,0,0,0
sid-ee4a8115-e74d-4116-9842-3c1330350860,12,6,6,2,3,11,1,0,0,0,0,0,0,0,0,0,0,0,0
sid-8456e488-00a2-4595-abb5-bd8e66260611,12,6,6,2,2,17,1,0,0,2,0,0,2,0,0,0,0,0,0
sid-9b93df38-4cf7-4b31-b005-bdef4b16c929,14,11,7,1,2,10,1,0,0,0,0,0,0,0,0,0,0,0,0
sid-628f8db4-6e66-4dbc-bf51-0a06087845fd,8,5,4,1,1,8,1,0,0,1,0,0,0,0,0,0,0,0,0
sid-d42a6e84-7f70-4320-aaee-4b7438e441f3,36,18,18,3,2,30,1,0,0,0,0,0,4,0,0,0,0,0,0
sid-6aff5cab-5e98-4188-a1ac-32801e4463a1,14,8,7,0,3,12,1,0,0,2,0,0,0,0,0,0,0,0,0
sid-0e2d9155-2929-40b8-9a19-8a9dba2200c3,12,3,2,0,1,4,1,1,0,0,0,0,0,0,0,0,0,0,0
sid-67666658-3858-4665-ac6a-f7027f9fcacb,12,7,6,4,3,18,1,0,2,1,0,0,0,0,0,0,0,0,0
sid-2b6df585-b9c6-4f1c-a338-ee172a8f8e8b,20,10,10,3,3,18,1,0,0,0,0,0,0,0,0,0,0,0,0
sid-bb1b7388-f0dd-4a88-9080-e0548421a989,12,7,6,2,1,14,1,0,1,1,0,1,0,0,0,0,0,0,0
sid-dbe416d4-547e-4bd5-a1c5-2b2bd253a902,22,12,10,5,0,18,1,1,0,0,0,1,0,0,0,0,0,0,0
sid-4403d60b-6072-427f-8914-d05f126ac4a4,14,12,7,2,4,14,1,0,0,1,0,0,0,0,0,0,0,0,0
sid-44a4c621-d071-433e-be46-c44ac581cab7,8,4,4,1,3,7,1,0,0,0,0,0,0,0,0,0,0,0,0
sid-42902091-5187-424c-b948-f76a1a72257c,18,9,9,3,1,16,1,0,0,0,0,0,0,0,0,0,0,0,0
sid-20e5e524-52ff-4837-b494-cf430e13e4da,32,16,16,2,1,21,1,0,0,0,0,0,0,0,0,0,0,0,0
sid-e0f63251-ed38-43aa-9419-9089bc4eadfc,12,8,6,2,1,11,1,0,0,0,0,0,0,0,0,0,0,0,0
sid-1f0be207-c9c3-4a4f-93bb-203020409a7a,32,16,16,0,1,27,1,0,0,0,0,0,6,0,0,0,0,0,0
sid-50fdb75e-4f74-4806-84e0-861811d72a59,20,11,10,1,2,13,1,0,0,0,0,0,0,0,0,0,0,0,0
sid-d6bd8b81-a271-43e9-9917-effeecc731a9,12,6,6,2,2,11,1,0,0,0,0,0,0,0,0,0,0,0,0
sid-7e662369-2124-4d3f-bac7-e6feda2948e5,4,2,2,0,0,2,0,0,0,1,0,0,0,0,0,0,0,0,0
sid-f580088b-af1f-47a2-a9fa-3307f8972cd7,14,7,7,8,1,25,1,0,0,0,0,0,2,0,0,0,0,0,0
sid-2151ec47-115d-430f-919f-546f5784f826,14,8,7,2,1,12,1,0,0,0,0,0,0,0,0,0,0,0,0
sid-848b081f-a3ed-42f1-8d7a-4e86d4c46d98,16,9,8,1,1,11,1,0,0,0,0,0,0,0,0,0,0,0,0
sid-a8988693-9e13-4b08-8ed0-bb5b5cc3648f,20,11,10,11,1,31,1,0,1,1,0,0,0,0,0,0,0,0,0
sid-3a5af18b-a308-4348-9a44-4de9c4734a69,6,3,3,0,2,8,1,0,2,1,0,0,0,0,0,0,0,0,0
sid-6464baf1-e9c8-4917-8881-c3036e949acd,6,3,3,0,1,4,1,0,0,0,0,0,0,0,0,0,0,0,0
sid-d096a05b-c0e4-4392-a269-2fd37238cc94,14,7,7,6,1,23,1,0,0,0,0,0,2,0,0,0,0,3,0
sid-456ee830-bc3c-4f84-8cf1-387f05f0eb06,16,11,8,1,1,11,1,0,0,0,0,0,0,0,0,0,0,0,0
sid-1b6a99e6-b701-40a6-8f04-86d715a76648,10,6,5,4,1,12,1,0,0,0,1,1,0,0,0,0,0,0,0
sid-884e3e03-82de-441d-b413-aac2a2bd3b8f,12,7,6,0,0,8,1,0,0,0,2,1,1,0,0,0,0,0,0
sid-dec77b5a-e111-42f7-a484-9e9ed14b9ac4,10,5,5,3,3,12,1,0,0,0,0,0,0,0,0,0,0,0,0
sid-587b855e-e0fe-469a-98d4-8f7c3f2307d4,6,3,3,0,1,8,1,0,0,0,0,0,2,0,0,0,0,0,0
sid-e5b0ecf4-2199-4b27-be4b-5b8dceaeb199,10,6,5,1,1,8,1,0,0,0,0,0,0,0,0,0,0,0,0
sid-050149c3-9071-42d6-8129-14a11d1f1f06,10,4,4,2,1,10,1,1,0,0,11,0,0,0,0,0,0,0,0
sid-c36d8bc0-ef36-45db-9e50-6ea9af6a72b9,50,28,25,14,3,65,1,0,0,4,0,0,6,0,0,0,0,0,0
sid-1052341b-dda2-4376-9156-8c378fb48db0,18,15,9,2,2,15,1,0,1,0,0,0,0,0,0,0,0,0,0
sid-bad8b6db-2137-49bf-8ade-3a93be82eda4,8,6,4,1,2,10,1,0,1,1,0,0,0,0,0,0,0,0,0
sid-589d319e-8305-4336-83ee-d11aa2b56fd5,12,9,6,1,1,9,1,0,0,0,0,0,0,0,0,0,0,0,0
sid-55d71993-7551-4602-896e-b512a4c10c1c,18,9,9,2,0,11,0,0,0,0,0,0,0,0,0,0,0,0,0
sid-b7b36685-2b15-4bc0-8853-27012da21b61,26,22,13,1,7,23,1,0,0,2,0,0,0,0,0,0,0,0,0
sid-202caeea-22f7-4c00-ba13-a16aaf218b3d,12,6,6,0,1,7,1,0,0,0,1,0,0,0,0,0,0,0,0
sid-51ce2cc1-ec9c-49a8-900b-62d5dea1183a,4,3,2,0,1,3,1,0,0,0,0,0,0,0,0,0,0,0,0
sid-b35e12db-2225-4926-9030-302da7e213e9,11,7,0,0,0,0,0,1,0,0,0,0,0,0,0,0,0,0,0
sid-325a1bff-a6cb-4a0f-97db-97d548f5e646,6,5,3,0,1,4,1,0,0,0,0,0,0,0,0,0,0,0,0
sid-88293469-052e-470a-8173-02d567128fb8,12,8,6,2,1,11,1,0,0,0,0,0,0,0,0,0,0,0,0
sid-b5d9d25c-5664-48f8-8b78-db5d6d4d922b,15,7,7,1,1,14,1,0,2,1,0,0,0,0,0,0,0,0,0
sid-940b0d0b-9b47-4d2a-9c0c-cb8a1461a997,8,7,4,0,0,4,1,0,0,0,0,0,0,0,0,0,0,0,0
sid-b42b7e58-0113-4583-8ff6-e67666f3955f,20,10,10,3,1,20,1,0,0,1,0,0,0,0,2,0,0,0,0
sid-2d00d074-8092-4cc8-876c-38e30e93578e,6,3,3,1,1,8,1,0,0,0,0,0,1,0,0,0,0,0,0
sid-beed21ea-b87d-4b71-abed-7d2c660863dd,6,4,3,2,1,7,1,0,0,0,0,0,0,0,0,0,0,0,0
sid-bdbde234-c55d-46a0-9e89-62c51f29d161,8,5,4,1,2,7,1,0,0,0,0,0,0,0,0,0,0,0,0
sid-0de8854f-07eb-4d06-8e49-148a373df43a,2,1,1,0,1,2,1,0,0,0,0,0,0,0,0,0,0,0,0
sid-221e4abb-4484-4399-95f2-e4c05587dd80,46,37,23,4,4,55,2,0,7,3,0,0,2,0,2,0,0,0,0
sid-11f0cab7-e752-4a13-a29e-8f10522dbf7c,6,4,3,0,1,4,1,0,0,0,0,0,0,0,0,0,0,0,0
sid-c74a100e-3e54-409f-9986-cc046a89833b,20,10,10,3,1,17,1,0,1,0,0,0,0,0,0,0,0,0,0
sid-4897723a-e23c-4231-9340-70ae17739921,26,13,13,1,2,20,4,0,0,0,0,0,0,0,0,0,0,0,0
sid-6aee5be6-882d-47e6-96b5-be79aa7899ef,14,13,7,4,1,15,1,0,0,0,0,0,0,1,0,0,0,0,0
sid-dbf8295b-13d4-4bb1-b976-bc765456e0f8,8,4,4,0,1,5,1,0,0,0,0,0,0,0,0,0,0,0,0
sid-8cf04aa5-ed38-43f8-a628-7e211cc2f882,8,4,4,2,1,8,1,0,0,0,0,0,0,0,0,0,0,0,0
sid-58485904-a81a-4272-b538-07f8d1088ece,26,18,13,0,1,14,1,0,0,0,0,0,0,0,0,0,0,0,0
sid-b7694e04-26e1-4412-8a22-68764d10d4a9,0,0,0,0,0,1,0,0,0,0,0,0,0,0,0,0,0,0,0
sid-b66a39f6-7497-4bee-ab6d-1b0d793a4a41,14,8,7,2,2,16,1,0,2,1,0,0,0,1,0,0,0,0,0
sid-7dd609da-b461-4317-8d21-aa67f3d3c43c,10,8,5,1,1,8,1,0,0,0,0,0,0,0,0,0,0,0,0
sid-86143f04-b35e-4a26-a7c6-5786fa4a9e52,8,4,4,0,0,3,0,0,0,0,0,0,0,0,0,0,0,0,0
sid-b5038088-6c3f-4f28-a231-999140e87b0a,6,3,3,0,0,2,0,0,0,0,0,0,0,0,0,0,0,0,0
sid-d26ebe6c-cb11-474c-9264-df63a9abdcf4,28,14,14,3,4,24,1,0,0,0,0,0,2,0,0,0,0,0,0
sid-35c756a2-9047-4830-87a6-242061afb964,8,5,4,0,1,5,1,0,0,0,0,0,0,0,0,0,0,0,0
sid-ca3f4b94-dc55-48a3-adc6-3ff2acf97964,12,9,6,5,1,15,1,0,0,0,0,0,0,0,0,0,0,0,0
sid-0070a1cc-d1ba-4816-b4ea-35849b807e52,4,2,2,0,0,1,0,0,0,0,0,0,0,0,0,0,0,0,0
sid-c5244920-c805-44ce-9082-a6db8b78d623,16,8,8,1,2,13,1,0,0,1,0,0,0,0,0,0,0,0,0
sid-1190d841-340d-4d8b-b755-949bbed45248,26,15,13,3,2,22,1,0,1,1,1,0,0,0,0,0,0,0,0
sid-dee95dbc-010c-4377-8b09-b83825a58c09,12,7,6,1,1,9,1,0,0,0,0,0,0,0,0,0,0,0,0
sid-688a7c40-4690-4e91-bd88-bc9d336dfaed,16,10,8,1,2,11,1,0,0,0,0,0,0,0,0,0,0,0,0
sid-1c463449-b17f-4e6c-b6a7-ed0dc494530e,40,24,20,4,6,39,1,0,1,4,0,0,2,0,0,0,0,0,0
sid-41ea7b61-d119-40f7-9bfd-827072d99edd,22,15,11,1,2,20,1,0,0,3,0,0,0,0,0,0,0,0,0
sid-6b621124-75d1-4119-806e-474cd669761f,14,6,6,2,2,10,0,0,0,0,0,0,0,0,0,0,0,0,0
sid-bb5056af-0f3e-4100-86ec-b8ec7381869e,6,3,3,0,1,4,1,0,0,0,0,0,0,0,0,0,0,0,0
1f10feb1d0a14bbeb35903e078e9ad4c.bpmn,0,0,0,0,4,4,4,0,0,0,0,0,0,0,0,1,0,0,0
sid-57deb9e0-f5ba-4380-a35e-0656d288167a,48,24,24,7,3,41,1,0,0,0,0,0,1,0,0,0,0,0,0
sid-b9c2ba68-4659-40d2-9471-566c2e91b7ac,16,8,8,2,2,13,1,0,0,0,0,0,0,0,0,0,0,0,0
sid-da205765-555b-4cd8-a75f-7f1c2dffb7fd,8,8,4,1,1,7,1,0,0,0,0,0,0,0,0,0,0,0,0
1f56cd475c2e4fe78e88a75ab65dffc3.bpmn,0,0,0,2,1,9,1,0,0,0,0,0,0,5,0,1,0,0,0
sid-59522153-df56-4927-85d6-56cdd389d15d,14,9,7,5,1,18,2,0,1,1,0,0,0,0,0,0,0,0,0
sid-79d8f180-1227-49bc-ac19-bb1d9683267b,16,8,8,0,2,13,1,0,1,1,0,0,0,0,0,0,0,0,0
sid-418e0d74-de6b-4ce5-b27a-6019de800c98,12,10,6,3,3,14,1,0,0,1,0,0,0,0,0,0,0,0,0
1f9292f48f9d4226bf9adfc94c212565.bpmn,0,0,0,0,0,0,0,0,0,0,5,0,0,0,0,1,0,0,0
sid-84fc532e-38c9-4013-b0d2-e867ddb49c4e,8,6,4,0,1,8,1,0,1,1,0,0,0,0,0,0,0,0,0
sid-d6593c51-85aa-4ea2-8350-589802607cb1,12,9,6,3,1,16,1,0,3,0,0,0,0,0,0,0,0,0,0
sid-55f307a2-b35d-4444-bff9-be2f5dfe0ac7,10,4,2,0,1,4,1,1,0,0,0,0,0,0,0,0,0,0,0
sid-fa2c9a16-578a-4d63-86f0-fcdfef3ef86c,8,6,4,0,1,8,1,0,1,1,0,0,0,0,0,0,0,0,0
sid-9e40e37a-5f61-4128-8b4b-72e860a0e6d5,8,4,4,1,1,7,1,0,0,0,0,0,0,0,0,0,0,0,0
sid-421fc3ef-263d-4628-8b63-b6a960b18e98,16,8,8,0,3,14,1,0,1,2,0,0,0,0,0,0,0,0,0
sid-c3059819-5185-4deb-aad5-5321a939330e,22,11,11,4,1,18,0,0,0,0,0,0,0,0,0,0,0,0,0
sid-8103e3ef-e6b1-4337-b313-0604a3bbfb94,17,7,6,2,3,12,1,1,0,0,0,0,0,0,0,0,0,0,0
sid-0536de2b-aa31-4e5c-9056-a8b841e5281d,4,2,2,0,1,3,1,0,0,0,0,0,0,0,0,0,0,0,0
sid-b8147cf6-9ac8-45d4-bb56-e4cc3507560a,2,0,0,0,0,0,0,1,0,0,0,4,0,0,0,0,0,0,0
sid-d0bbefaa-3f96-46a6-af1e-a3fb8e522206,12,8,6,2,1,11,1,0,0,0,0,0,0,0,0,0,0,0,0
sid-23813dc7-21eb-4a69-becd-078e145af4b8,21,8,7,0,1,10,1,2,0,0,0,0,0,0,0,0,0,0,0
sid-e023e131-b94c-4f46-a488-4fd935c557ca,10,7,5,1,1,8,1,0,0,0,0,0,0,0,0,0,0,0,0
sid-247b6334-8a6f-4918-a15a-14b66438ce80,2,1,1,0,1,2,1,0,0,0,0,0,0,0,0,0,0,0,0
sid-edab148c-8f79-4e08-b9b1-b11f3b1a0c1f,10,6,5,1,1,8,1,0,0,0,0,0,0,0,0,0,0,0,0
sid-628d638c-5f14-4830-b533-9084869060e3,13,7,7,1,1,9,1,0,0,0,0,0,0,0,0,0,0,0,0
sid-75b14a66-d213-46c5-8c86-c218f70c64b0,21,0,21,5,3,31,1,0,0,0,2,1,0,0,0,0,0,0,0
sid-3e07c84d-0ca6-4b3f-9118-1e9edc4f027c,14,8,7,2,1,12,1,0,0,0,0,0,0,0,0,0,0,0,0
sid-2ef50d35-d293-4fe6-8618-1d5d1ea89399,24,12,12,0,3,21,1,0,0,3,0,0,1,0,1,0,1,0,0
sid-3406c2ea-744f-4829-b96a-36cd98fa7c13,22,19,11,4,2,19,1,0,0,0,0,0,0,0,0,0,0,0,0
sid-24403868-0afe-4c5e-b685-e52ebb95451f,8,5,4,0,1,5,1,0,0,0,0,0,0,0,0,0,0,0,0
sid-914b7783-e1f2-4556-950c-4e55d0c47a89,8,4,4,1,0,5,1,0,0,0,0,0,0,0,0,0,0,0,0
sid-247ea4fc-3e88-490b-b08a-7ab4e87b915b,10,8,5,1,1,11,1,0,0,0,0,0,2,0,0,0,0,0,0
sid-003ccfd4-7ba1-48f8-877c-910e9cdcb8ee,2,1,1,0,0,0,0,0,0,0,0,0,0,0,0,0,0,0,0
sid-18a9c37d-0ef4-4d03-9809-0dc8aee9c6cb,12,7,6,1,1,9,1,0,0,0,0,0,0,0,0,0,0,0,0
sid-2d1e227a-58f3-4930-b164-447879c628b0,14,9,7,1,2,10,1,0,0,0,0,0,0,0,0,0,0,0,0
sid-218ebb3c-7f76-4daa-be86-429c026f04ef,28,14,14,5,1,24,1,0,0,0,0,0,0,0,0,0,0,0,0
sid-d0cc7bea-14a1-4552-abc4-5799bd5d2ec5,14,8,7,2,1,12,1,0,0,0,0,0,0,0,0,0,0,0,0
sid-34c278fc-26bb-4540-afc3-8c820679dd63,26,15,13,3,2,22,1,0,1,1,1,0,0,0,0,0,0,0,0
sid-ba027c91-c889-476b-8cef-ba0ffb3366ea,18,9,9,2,2,14,1,0,0,0,0,0,0,0,0,0,0,0,0
sid-37477dbd-0017-4f9c-9f93-3441f05e35e0,14,9,7,2,1,12,1,0,0,0,0,0,0,0,0,0,0,0,0
sid-1aff29f9-0098-450b-8f30-defee765cb61,20,10,10,1,2,13,1,0,0,0,0,0,0,0,0,0,0,0,0
sid-b1b5292a-d9da-4b33-92b9-967af29b8264,12,9,6,2,3,11,1,0,0,0,0,0,0,0,0,0,0,0,0
sid-f1de28ea-bc74-4c98-8a90-d5492eeae17f,8,7,4,0,1,5,1,0,0,0,0,0,0,0,0,0,0,0,0
sid-fc9e8f9a-c35e-4285-83ff-7f1076409a06,12,8,6,1,2,12,1,0,0,1,0,0,0,0,0,0,0,0,0
sid-faa788c3-aabb-4536-a227-f47e37d25e01,32,19,15,8,3,37,2,1,0,3,2,3,0,0,0,0,0,0,0
sid-601b4d4c-fff0-406f-802a-4219d013e7c9,2,1,1,0,0,0,0,0,0,0,0,0,0,0,0,0,0,0,0
sid-c3025d9d-8dbc-4746-9ae9-75d6b1643759,10,6,5,0,0,6,1,0,0,1,0,0,0,0,0,0,0,0,0
sid-1fed0ca1-310c-45a8-80fb-ba1798f581c1,8,4,4,1,2,8,1,0,0,0,0,0,0,0,0,0,0,0,0
sid-7be888e4-d336-4ea1-b34d-c33cc0305a62,16,9,8,1,3,13,1,0,0,1,0,0,0,0,0,0,0,0,0
sid-0f7d511c-d454-4bb7-9966-5809ac94658e,52,39,26,18,3,67,1,0,9,0,1,1,0,0,0,0,0,0,0
sid-64d48248-beb0-44b7-b11c-2ebbbb39c1ce,4,2,2,0,1,3,1,0,0,0,0,0,0,0,0,0,0,0,0
sid-582cea88-8725-425b-9254-28565e92cea7,10,5,5,3,2,11,1,0,0,0,0,0,0,0,0,0,0,0,0
sid-2cf50df2-68c4-477e-b837-0e10d6d199d8,18,9,9,0,1,10,1,0,0,0,0,0,0,0,0,0,0,0,0
sid-6786d958-8dc5-4a92-997d-dd34c15b6e3f,10,6,5,2,1,9,1,0,0,0,0,0,0,0,0,0,0,0,0
sid-d6a985f5-43b2-4c3c-a478-033822040c5f,6,5,3,0,1,4,1,0,0,0,0,0,0,0,0,0,0,0,0
sid-ae6d78b5-58ad-41de-9063-b2bc70e1543f,12,8,6,4,1,13,1,0,0,0,0,0,0,0,0,0,0,0,0
sid-73c3fb9a-3922-49ab-8fcc-39f376d28445,8,8,4,0,0,7,1,0,0,0,0,0,2,0,0,0,0,0,0
sid-332fa8f0-81aa-45bb-b5be-3127302ed498,16,10,8,0,1,9,1,0,0,0,0,0,0,0,0,0,0,0,0
sid-a91555f6-d70d-4c6b-b0ad-d70ef853da6e,36,27,18,9,3,34,1,0,0,0,0,0,0,0,0,0,0,0,0
sid-ad60e9fc-074f-4ee6-aee2-042e4751a440,18,9,5,2,3,14,1,1,0,0,0,0,2,0,0,0,0,0,0
sid-ddb5e175-a293-49ef-a28e-f8c1387c5950,4,2,2,1,1,6,1,0,0,1,0,0,0,0,0,0,0,0,0
sid-f7977d2a-030d-4201-9c5b-d1f10091eaa4,4,2,2,0,1,6,1,0,0,0,0,0,2,0,0,0,0,0,0
sid-1822c7e8-cade-4df0-a6d8-f7f836656cd0,28,14,14,2,1,21,1,0,0,0,0,0,2,0,0,0,0,0,0
sid-7a6c7274-4eff-42d4-9e55-ea2793b0259b,6,3,3,1,2,6,1,0,0,0,0,0,0,0,0,0,0,0,0
sid-daf7f0c4-1180-4eb5-932a-2b7c50230014,16,12,8,0,1,9,1,0,0,0,0,0,0,0,0,0,0,0,0
sid-22f8068f-fb74-4899-893d-d4c2e98fbf20,8,8,4,0,1,6,1,0,0,0,0,0,0,0,0,0,0,0,0
sid-8089f9f6-3074-42fd-80ce-e491b94c7632,46,25,23,11,1,51,1,0,4,0,0,0,0,1,0,0,0,0,0
sid-06969fe5-fc2b-43e3-bc95-202bb6bac771,8,6,4,2,1,9,1,0,0,0,0,0,0,0,0,0,0,0,0
sid-086fc517-9cf8-43df-8dc7-d86ada19f0d4,0,0,0,0,0,10,0,0,0,0,0,0,0,0,0,0,0,0,0
sid-926e6635-4ca0-494a-9be5-5ebe28fa8c6d,4,2,2,0,1,5,1,0,0,0,0,0,1,0,0,0,0,0,0
sid-4343a80b-75f0-4a99-aa07-625c72ec20c7,16,8,7,0,1,13,1,0,0,0,0,0,4,0,0,0,0,0,0
sid-9a5341f7-9501-4d98-a5ee-813f801665ca,22,12,11,8,3,34,1,0,4,1,0,0,2,0,0,0,0,0,0
sid-395b8dc3-9377-4e16-8748-c7716e70aa2c,19,6,6,3,1,15,1,3,0,0,0,0,0,0,0,0,0,0,0
sid-23f57f48-3ab3-463a-9257-258dcb93ccdc,38,19,19,3,2,34,1,0,0,0,0,0,6,0,0,0,0,0,0
sid-a148af1f-545d-478f-bac9-9fdfc29eecc3,16,8,8,2,1,12,1,0,0,0,0,0,0,0,0,0,0,0,0
sid-be74312c-5d35-4834-82b2-c74e566e1586,8,4,3,3,2,13,1,1,1,0,0,0,1,0,0,0,0,0,0
2e7ba0d8c083448e9e5913618795a796.bpmn,0,0,0,3,2,9,1,0,3,0,0,0,0,0,0,1,0,0,0
sid-f411dbd2-4b51-4e5b-82e4-37bd86e337bc,36,19,18,0,1,27,1,0,0,0,0,0,4,0,0,0,0,0,0
sid-89867e2e-78c9-4796-95c6-c4478edafa2e,18,9,9,0,6,19,1,0,2,2,0,1,0,0,0,0,0,0,0
sid-f8cc9645-1e8c-45e0-af81-a070ecb75d1a,30,18,15,9,8,42,1,0,3,3,0,0,0,0,0,0,0,0,0
sid-6ccc10e4-384d-4377-88a2-9b5fbe3222bf,8,3,0,0,0,0,0,1,0,0,0,0,0,0,0,0,0,0,0
sid-9f086c57-14a5-4deb-82e8-6f14b8f815ab,19,10,3,1,1,7,1,1,0,0,0,0,0,0,0,0,1,0,0
sid-517b0835-4115-48ea-b0b6-256b5cbf5f1f,10,0,0,3,2,12,1,5,0,0,0,0,0,0,0,0,0,0,0
sid-53c09e2c-26c1-458b-943a-98b70653698a,16,8,8,1,0,9,1,0,0,0,0,0,0,0,0,0,0,1,0
sid-14239444-7f3e-4434-b692-9e17d3f746f4,6,3,3,0,1,8,1,0,2,1,0,0,0,0,0,0,0,0,0
sid-f6fa90f8-b596-44eb-bc32-141d540c44c7,14,9,7,0,4,15,1,0,1,3,0,0,0,0,0,0,0,0,0
sid-c749b733-c9d3-409b-b3ad-cf187d8df479,13,6,6,3,2,13,1,0,0,0,0,0,0,0,0,0,0,0,0
sid-f5077641-d520-445f-b8db-c8a16a01f10d,20,10,10,4,1,17,1,0,0,0,0,0,0,0,0,0,0,0,0
sid-4f03bfac-6870-4951-8bba-a7e16355e589,22,11,11,4,2,19,1,0,0,0,0,0,0,0,0,0,0,0,0
sid-e0c1035d-4254-4f13-b5a3-195e1d50696f,14,6,5,2,1,13,1,2,1,1,0,0,0,0,1,0,0,0,0
sid-a6ad4800-0e2e-4d0b-9b54-e9b392754488,34,17,17,2,3,31,1,0,1,3,0,0,2,0,0,0,0,0,0
sid-49c16b5d-9ca7-471d-aaf6-e9ab24ac3e29,26,16,13,4,4,31,1,0,6,0,0,0,0,0,0,0,0,0,0
sid-c7de31a7-deac-4008-8e7f-a5925a0544e7,0,0,0,0,0,1,0,0,0,0,0,0,0,0,0,0,0,0,0
sid-7587b36b-ea62-4f16-9d3a-a151fb21e145,14,8,7,0,3,12,1,0,0,2,0,0,0,0,0,0,0,0,0
sid-80c4c0db-ab98-4d38-92db-bd83fdd1ec2b,14,9,7,1,2,15,1,0,1,1,0,0,0,0,0,0,2,0,0
sid-9c2ab10b-8842-4171-850a-0924c5ba3cb1,19,7,7,2,1,12,1,0,0,0,0,0,0,0,0,0,0,0,0
sid-c0d203bb-776d-4613-a83b-5043b338ff91,4,2,2,1,1,6,1,0,0,1,0,0,0,0,0,0,0,0,0
sid-df41b892-2233-44b8-9dfb-2591fa242512,26,15,13,0,1,14,1,0,0,0,0,0,0,0,0,0,0,0,0
sid-429291ed-411c-46c6-b0a2-5c083af479e6,10,4,4,2,2,14,1,1,1,2,0,0,0,1,0,0,0,0,0
sid-622faec6-b2a4-403e-a399-45522f5e9138,24,14,12,4,2,25,1,0,1,1,0,0,0,0,0,0,0,0,0
sid-24058308-c557-4e48-bbab-4714042bb2ff,34,17,17,4,3,28,1,0,0,0,0,0,1,0,0,0,0,0,0
sid-8d8c0cad-8734-4015-84c6-70cd2d1929fc,16,8,8,2,4,14,2,0,0,0,0,0,0,0,0,0,0,0,0
sid-82666824-6d65-4fd7-a2a7-23d4a9ca9394,16,10,8,0,3,12,1,0,0,1,0,0,0,0,0,0,0,0,0
sid-58da2256-52d5-4a77-a851-4246fddb15fe,14,8,7,0,2,10,0,0,0,2,0,0,0,0,0,0,0,0,0
sid-990bc4a3-c900-4821-864e-cef466b15e3e,16,9,8,1,1,11,1,0,0,0,0,0,0,0,0,0,0,0,0
sid-4a907afe-27c0-4eb3-861d-f7959f51737f,4,4,2,1,1,5,1,0,0,0,0,0,0,0,0,0,0,0,0
sid-144a1902-2024-4e04-8903-8c994952710f,26,13,13,3,1,21,2,0,0,0,0,0,0,0,0,0,0,0,0
sid-8ed001c7-2c3a-442f-b77a-96af0aa2ae3c,14,12,7,0,2,10,1,0,0,1,0,0,0,0,0,0,0,0,0
sid-fc0370ec-13bd-4298-9c0a-4e433039676a,12,8,6,2,1,11,1,0,0,0,0,0,0,0,0,0,0,0,0
sid-2c591827-8b1a-44df-9b65-7e81f4726aca,13,7,6,2,2,12,1,0,0,1,0,0,0,0,0,0,0,0,0
sid-98239709-11ec-4b93-a99c-1bf0f72881a2,8,5,4,4,2,15,1,0,2,1,0,0,0,0,0,0,0,0,0
sid-5cf47c78-9fa6-481d-8575-c7cec7220655,22,11,11,5,2,26,1,0,0,3,0,0,1,0,0,0,0,0,0
sid-2c61ff7b-9ab6-4f18-8fb3-b0ee07063796,10,10,5,1,2,8,1,0,0,0,0,0,0,0,0,0,0,0,0
sid-6e59bf13-7bb4-4527-9f5a-029f235f43bd,10,6,5,1,1,8,1,0,0,0,0,0,0,0,0,0,0,0,0
sid-f07236c8-a53b-44b1-984e-3e5ec80d77b6,14,9,7,2,1,12,1,0,0,0,0,0,0,0,0,0,0,0,0
sid-2f510300-f34c-405d-bc8e-017348d8fd93,4,2,2,0,1,3,1,0,0,0,0,0,0,0,0,0,0,0,0
sid-012d088b-1b49-43f0-9400-a8b3d33a5b3e,14,6,3,0,1,5,1,1,0,0,0,0,0,0,0,0,0,0,0
sid-087c774c-d185-434f-aee7-9e275bdfa3d2,52,26,26,1,1,44,4,0,0,0,0,0,2,0,3,0,0,3,0
sid-cf93463e-bf7d-4f3a-9137-a87ecef4bd88,46,14,7,1,1,14,1,1,0,0,0,0,2,0,0,0,0,0,0
sid-ce19b5ec-a63e-4e11-b322-6680c0680bcd,18,11,8,5,1,20,1,1,2,0,0,0,0,0,0,0,0,0,0
sid-ed8dea2c-64c3-4b90-a62f-5aad9cfeb92c,2,2,1,0,1,2,1,0,0,0,0,0,0,0,0,0,0,0,0
sid-4962a7af-7feb-420c-9474-11316a5c90d7,21,8,7,0,1,10,1,2,0,0,0,0,0,0,0,0,0,0,0
sid-9a9ced72-3764-4bac-b57b-d5c39e5d222a,6,3,3,1,1,6,0,0,0,0,0,0,0,0,0,0,0,0,0
sid-77131fcb-36f1-4b05-b4ff-84848acd41eb,16,10,8,4,2,19,1,0,1,1,0,0,0,0,0,0,0,0,0
sid-66a09203-676f-496c-8fec-69bcd288b82f,15,6,6,1,2,12,1,0,0,0,0,0,2,0,0,0,0,0,0
sid-98caaeef-b5c4-4c0b-b7c2-df6e8c930fc5,8,5,4,1,1,6,1,0,0,0,0,0,0,0,0,0,0,0,0
sid-08e8cf67-f6c2-44e6-a33b-526d5d706823,12,6,6,4,1,13,1,0,0,0,0,0,0,0,0,0,0,0,0
sid-498c889d-6bda-4494-90d8-8e9ef9f810fc,8,4,4,2,0,7,1,0,0,0,0,0,0,0,0,0,0,0,0
sid-f511938e-7cc4-4484-9d6a-a94f7f224451,24,12,12,1,1,14,1,0,0,0,0,0,0,0,0,0,0,0,0
sid-358cd0c2-8752-446e-bbd5-bb4735af7be5,16,12,8,0,1,9,1,0,0,0,0,0,0,0,0,0,0,0,0
sid-9c7ac309-082b-476a-9da8-b1e0942c6968,10,7,5,1,2,8,1,0,0,0,0,0,0,0,0,0,0,0,0
sid-9636ab2b-94c9-409e-8d57-bb4c0c3106ba,8,6,4,0,1,8,1,0,1,1,0,0,0,0,0,0,0,0,0
sid-47a0b3d9-6de3-4bbe-b9da-cff878757fcb,16,10,8,2,2,15,1,0,0,1,0,0,0,0,0,0,0,0,0
sid-ac78452a-3cd6-4f5c-91df-98974b75e94c,2,1,1,0,0,0,0,0,0,0,0,0,0,0,0,0,0,0,0
sid-86d8a78f-54c4-423d-92e1-edf43db849dc,22,19,11,1,2,20,1,0,0,3,0,0,0,0,0,0,0,0,0
sid-bce75566-36a6-4093-94c7-b431843dafc9,16,10,8,1,1,11,1,0,0,0,0,0,0,0,0,0,0,0,0
sid-c9b64901-c1a5-41ea-a6e9-a5ff31b68175,0,0,0,0,0,1,0,0,0,0,0,0,0,0,0,0,0,0,0
sid-bea11b29-9751-4406-aab2-c714e688547d,16,7,7,2,1,16,1,1,0,0,0,0,2,0,0,0,0,0,0
sid-584eb8f5-0f24-4fc8-acbe-b28236779f56,10,5,5,1,1,7,1,0,0,0,0,0,0,0,0,0,0,0,0
sid-9ad64969-60c2-43c3-9b9e-05ffbbfd375c,2,1,1,0,1,2,1,0,0,0,0,0,0,0,0,0,0,0,0
sid-3772a4c8-337f-4a64-a2fc-de2aebea6f5b,48,20,20,2,1,36,1,0,0,0,1,0,7,0,0,0,0,0,0
sid-6c6c5ad5-a170-4bf6-85d1-ef3132929245,14,8,7,4,1,14,1,0,0,0,0,0,0,0,0,0,0,0,0
sid-25ac1cbf-f096-40c5-bd89-e80c5877c97c,4,2,2,0,1,3,1,0,0,0,0,0,0,0,0,0,0,0,0
sid-c41a20ff-f277-4c75-8184-6f3df8a80b2f,6,4,3,1,1,7,1,0,0,0,0,0,1,0,0,0,0,0,0
sid-52a81089-482a-465f-a5e3-4c6ed929eb5f,18,9,9,7,5,25,1,0,0,1,0,0,0,0,0,0,0,0,0
sid-428339d7-1782-42af-9619-a00fcbe9b5d1,12,6,5,0,1,7,1,1,0,0,0,0,0,0,0,0,0,0,0
3d8eee73b8c24723993f650aa4abf75f.bpmn,0,0,0,0,0,0,1,0,0,0,0,0,0,0,0,1,0,0,0
sid-af3f3f1d-50a2-4548-929f-070c2e5865b3,5,2,2,1,1,5,1,0,0,0,0,0,0,0,0,0,0,0,0
sid-48b3e403-3ac6-485c-8bc7-20698ed6faff,38,15,15,3,1,20,1,0,1,0,0,0,0,0,0,0,0,0,0
sid-caca31a0-28f3-4c9e-b875-f339e5bd9176,19,9,9,1,0,11,0,0,0,0,0,0,1,0,0,0,0,0,0
sid-3a857d7b-bb26-4113-a30f-6d04998c17a7,22,13,11,1,2,15,1,0,1,0,6,0,0,0,0,0,0,0,0
sid-e4670243-2dc4-4db9-aff1-88827b28cb75,18,11,9,2,1,17,1,0,0,2,0,0,0,0,0,0,0,0,0
sid-4bea54e0-73e1-4722-bfdd-ff38caaec09c,7,4,0,0,0,0,0,1,0,0,0,0,0,0,0,0,0,0,0
sid-cbd8ffb4-8d68-44e4-8b1c-2499fc7573d4,22,16,11,4,1,21,1,0,0,0,0,0,2,0,0,0,0,0,0
sid-86c5d54c-ad13-4057-a0ea-c9c49202950f,24,12,12,4,1,20,1,0,0,0,0,0,0,0,0,0,0,0,0
sid-04c72d53-4e5e-4b4f-84eb-42f703f50db5,18,8,2,0,1,7,1,1,0,0,0,0,2,0,0,0,0,0,0
sid-dbbf0cf9-9103-4a78-ad8a-175eb574ea0c,10,5,5,1,2,13,1,0,1,1,0,0,0,0,0,0,0,0,0
sid-5cb5aedb-f75b-499c-b997-e2da478d7d13,12,7,6,1,1,9,1,0,0,0,0,0,0,0,0,0,0,0,0
sid-30a824e7-1b67-4517-a82d-a12ca08f95b2,12,6,6,2,2,17,1,0,2,0,0,0,2,0,0,0,0,0,0
sid-ac493682-1a0f-405d-862b-be4c0b4e4605,4,2,2,1,0,3,2,0,0,0,0,0,0,0,0,0,0,0,0
sid-b0fc5cfb-f887-49c9-ad2b-fc17044dd0ff,2,1,1,0,1,2,1,0,0,0,0,0,0,0,0,0,0,0,0
sid-e80895d5-2a41-4b41-bf0e-a142f2f78eac,8,5,4,0,1,5,1,0,0,0,0,0,0,0,0,0,0,0,0
sid-a9d070e4-8c5c-429e-971e-e2a088deef78,20,10,10,0,1,17,1,0,0,0,0,0,4,0,0,0,0,0,0
sid-149e0d98-2d57-4cee-bd14-110839248907,4,2,2,0,1,3,1,0,0,0,0,0,0,0,0,0,0,0,0
sid-848b09bf-d759-44bc-8a4b-954dff55e26c,16,13,8,1,2,11,1,0,0,0,0,0,0,0,0,0,0,0,0
sid-2188fe63-e426-4264-b364-ad36b48d0cab,18,11,9,0,1,12,1,0,0,1,0,0,0,0,0,0,0,0,0
sid-66208e42-d7ce-4ef9-8519-ed8229c564af,22,14,11,4,2,20,1,0,0,0,0,0,0,0,0,0,0,0,0
sid-c76b7850-e892-4c6f-acbc-5399458d0982,16,8,8,2,1,11,1,0,0,0,0,0,0,0,0,0,0,0,0
sid-a816a999-d621-47df-8d91-13ab6838c710,6,3,3,0,0,2,1,0,0,0,0,0,0,0,0,0,0,0,0
sid-a055e80a-8ea5-46ce-9994-88c16ecfacc8,29,12,12,0,5,22,1,2,1,2,0,0,0,0,0,0,0,0,0
sid-136c6165-a9b9-4fdc-ae70-789311aa8659,0,0,0,0,0,6,0,0,0,0,0,0,0,0,0,0,0,0,0
sid-8ba46a77-35e0-4fc6-901e-c8ae220d21e9,8,6,4,0,1,8,1,0,1,1,0,0,0,0,0,0,0,0,0
sid-804af6a1-22d9-41a3-b16b-ea3b925b20a8,6,3,2,1,2,6,1,1,0,0,3,3,0,0,0,0,0,0,0
sid-baffd687-b1a9-4000-bc48-7c9957e030bc,10,6,5,3,2,15,1,0,1,1,0,0,0,0,0,0,0,0,0
sid-9c3cb233-f4ab-4b56-9309-a4cb37fcfc5d,12,6,6,3,2,12,1,0,0,0,0,0,0,0,0,0,0,0,0
sid-0a11f6f4-8850-4e91-9077-21608d6503dd,16,6,7,1,0,7,0,0,0,0,0,0,0,0,0,0,0,0,0
sid-52b0bf98-4c90-4a5e-82a3-b852f88174e7,8,5,4,4,2,15,1,0,2,1,0,0,0,0,0,0,0,0,0
sid-8ac7a5d4-aa0e-4a49-9c50-efad6ce5bfcb,6,3,3,0,2,7,1,0,1,1,0,0,0,0,0,0,0,0,0
sid-991b443a-2e07-4c93-909b-4fdd5660dba5,2,1,1,0,0,0,0,0,0,0,0,0,0,0,0,0,0,0,0
sid-72f554ba-e74d-4152-a15a-f8cfd567dd1e,30,22,14,0,3,16,0,1,1,1,0,0,0,0,0,0,0,0,0
sid-fe483fb7-d73f-4770-8af4-059a58e2581a,2,1,1,0,1,1,0,0,0,0,0,0,0,0,0,0,0,0,0
sid-3361a6a0-36c1-4b74-8c51-0fe9549cc84e,18,10,9,3,4,21,1,0,1,1,0,0,1,0,0,0,0,0,0
sid-0ec54b31-4511-4e12-a80f-9860395fd83c,18,12,9,1,1,12,1,0,0,0,0,0,0,0,0,0,0,0,0
sid-4a131a1b-ca7a-42b6-8b0f-f730e94ddad8,6,4,3,1,2,6,1,0,0,0,0,0,0,0,0,0,0,0,0
sid-ff4ddd5a-57c1-405b-902e-3011c2dafa9a,10,5,5,0,1,6,1,0,0,0,0,0,0,0,0,0,0,0,0
sid-8fa161ac-b189-4cd4-a56c-f60e324a593e,14,8,7,4,1,14,1,0,0,0,0,0,0,0,0,0,0,0,0
sid-4761b7a0-dd7f-4200-a400-9ddbc71974d2,2,2,1,2,0,3,1,0,0,0,0,0,0,0,0,0,0,0,0
sid-1972f0af-c953-4b28-ad8d-f68bd1701215,12,6,5,0,1,7,1,1,0,0,0,0,0,0,0,0,0,0,0
sid-19241960-f32e-4894-b4d1-5a99c20c104f,28,14,14,0,2,16,2,0,0,0,2,2,0,0,0,0,0,0,0
sid-557f4eb2-983e-4437-920c-83a9b5920c84,6,3,3,0,1,4,1,0,0,0,0,0,0,0,0,0,0,0,0
sid-21aac2de-d691-4d66-8b8f-709c14cb84c4,12,5,5,2,3,13,1,0,0,0,0,0,2,0,0,0,0,0,0
sid-c2b5585f-4ef4-45cc-8cef-2c161facc18c,8,4,4,1,1,8,1,0,0,1,0,0,0,0,0,0,0,0,0
sid-5a5a0314-d7e0-4d57-af15-4a78bdc9c508,18,8,7,0,1,10,1,2,0,0,0,0,0,0,0,0,0,0,0
sid-18ff5e03-d272-41b8-99dd-51ae79d9f8e4,10,5,5,3,2,15,1,0,1,1,0,0,0,0,0,0,0,0,0
sid-09f94f11-a2cb-4234-bfa0-05e127c164f6,14,12,6,1,1,12,1,1,0,0,0,0,2,0,0,0,0,0,0
sid-07a88a34-b00d-4b26-badd-0c5fd0bd8026,10,7,5,1,3,11,1,0,0,1,0,0,1,0,0,0,0,0,0
sid-c0ff03b5-2de3-4610-ac21-69154af28927,2,1,1,0,0,0,0,0,0,0,0,0,0,0,0,0,0,0,0
sid-7e6c8e81-8977-4cbd-818d-dec74bfc816b,20,15,10,4,2,18,1,0,0,0,0,0,0,0,0,0,0,0,0
sid-4c8b80a6-8353-483c-ace1-83e1f6d1aaf5,18,10,9,4,2,19,1,0,0,0,0,0,2,0,0,0,0,0,0
sid-e631e938-bbca-48c4-891b-efffb7a38c8e,12,9,6,2,3,11,1,0,0,0,0,0,0,0,0,0,0,0,0
sid-83ff615f-2a96-4538-af0b-1ab690d24394,7,3,3,1,2,9,1,0,2,0,0,0,0,1,0,0,0,0,0
sid-163c13b0-405d-45f1-9416-1ebcab2f7473,8,4,4,1,7,18,1,0,3,3,3,3,0,0,0,0,0,0,0
sid-79cecbae-1aeb-4f97-9fcc-0af399420078,22,11,11,2,1,19,1,0,1,1,0,0,0,0,0,0,0,0,0
sid-640bbb71-018f-49b9-b1bf-87ab98bd4f71,24,12,12,0,1,13,1,0,0,0,0,0,0,0,0,0,0,0,0
sid-282b1727-bbb4-4563-8f20-5d3898d72a9c,14,14,7,8,3,22,1,0,0,0,0,0,0,0,0,0,0,0,0
sid-b141f262-9f98-4f14-a5f2-45c788fec969,36,19,11,6,6,39,1,7,3,1,0,0,2,0,0,0,0,0,0
4bd21dd2fd1744f1a205e3323393ddbe.bpmn,0,0,0,0,0,0,0,0,0,0,1,0,0,0,0,1,0,0,0
sid-35d3bd83-b359-4584-9bdb-1925c2828f36,11,4,4,2,2,11,1,1,0,0,0,0,0,0,0,0,0,0,0
sid-6b02a359-1c68-4641-b25b-f4c3e6245743,10,0,0,3,2,12,1,5,0,0,0,0,0,0,0,0,0,0,0
sid-df027063-579c-47cf-b9e4-052446c5812c,0,0,0,0,0,2,0,0,0,0,0,0,0,0,0,0,0,0,0
sid-4ba1809d-622c-4393-9969-d514f1fba8d1,10,5,5,0,1,6,1,0,0,0,0,0,0,0,0,0,0,0,0
sid-17a7c44d-3dca-45f5-a4da-50800f4e3c64,10,4,1,0,1,4,1,2,0,0,0,0,0,0,0,0,0,0,0
sid-f8369855-f847-4df1-b2ef-c256d99003ee,10,6,5,1,1,8,1,0,0,0,0,0,0,0,0,0,0,0,0
sid-e501d408-c2ee-4b90-a3c5-47deb5ae6d14,20,12,10,2,3,20,1,0,2,1,0,0,0,0,0,0,0,0,0
sid-e49f3cea-5ae6-4aff-81e7-1e4623f03a7f,10,8,5,2,1,10,1,0,0,0,0,0,0,0,0,0,0,0,0
sid-d66ff366-02a2-4c7b-8f85-c70aafdc7a69,8,6,3,0,1,8,1,1,0,1,0,0,1,0,0,0,0,0,0
sid-a4d90b89-6a6b-4faf-92a0-36e76d2b5ba6,32,16,16,8,7,33,1,0,0,0,0,0,0,0,0,0,0,0,0
sid-f1fc01cf-ddbb-4ad0-b464-61c73266df88,10,4,3,1,1,8,1,2,0,0,0,0,0,0,0,0,0,0,0
sid-4f4478a7-683a-45c6-9d3d-cb47bb50c9c8,8,3,2,0,2,9,2,2,0,0,0,0,2,0,0,0,0,0,0
sid-fa0224fa-acde-4230-9725-e515c9153efc,22,11,11,0,1,19,1,0,0,0,0,0,4,0,0,0,0,0,0
sid-2ddb6ec5-3861-4e1b-b6de-a50bf3913ba5,10,6,5,5,1,16,1,0,1,1,0,0,0,0,0,0,0,0,0
sid-3cacbcd6-6e42-4259-8335-38fe00e6c1d9,12,6,6,0,0,7,1,0,0,0,4,4,0,0,1,0,0,0,0
sid-2258986a-c790-4708-ae4e-8dc02b7d122d,6,3,3,1,2,6,1,0,0,0,0,0,0,0,0,0,0,0,0
sid-0ac795de-b669-4559-b7b3-57411a52c4ea,6,3,3,0,1,7,1,0,0,0,0,0,0,0,2,0,0,0,0
sid-97e94af1-fa7c-42dc-9251-354581b82e02,5,2,3,2,2,10,1,0,1,1,0,0,0,0,0,0,0,0,0
sid-ca8613b2-b862-491b-8534-f259dafb0613,16,8,8,2,3,12,0,0,0,0,0,0,0,0,0,0,0,0,0
sid-7b20b02d-760a-4149-9bb6-1c8f5e79ac3b,13,8,6,0,1,10,1,0,0,0,0,0,2,0,0,0,0,0,0
sid-40a9ed0b-26f8-4823-8c08-2fffe0e4a477,28,14,14,6,0,23,0,0,0,0,0,0,0,0,0,0,0,0,0
sid-b88734b3-b00f-4363-a5ce-bd12b38aef36,14,9,7,5,2,16,1,0,0,0,0,0,0,0,0,0,0,0,0
sid-19b792a8-9736-40a8-8c10-c6fe54c62b08,26,14,13,7,3,32,1,0,3,1,0,0,0,0,0,0,0,0,0
sid-34203e8d-f93b-47a7-963e-98df921c9c60,12,8,6,2,1,11,1,0,0,0,0,0,0,0,0,0,0,0,0
sid-1f863577-4547-4909-bae9-8ab20aef4312,20,10,10,0,1,17,1,0,0,0,0,0,4,0,0,0,0,0,0
sid-074c4b1c-7ed9-41cf-ab0f-2930730839ff,14,7,7,1,0,8,1,0,0,0,0,0,0,0,0,0,0,0,0
sid-3162d11c-6a5c-458a-81ba-f3517f10c491,12,0,15,0,0,0,0,0,0,0,5,15,0,0,0,0,0,0,0
sid-0b31ab20-9f7c-4788-9ebb-bf14dbd1d1c6,16,10,8,4,3,21,1,0,1,1,0,0,1,0,0,0,0,0,0
sid-3413b861-8a47-41d3-8daf-a1e81bd3e518,14,8,7,2,1,12,1,0,0,0,0,0,0,0,0,0,0,0,0
sid-2912f4da-fa4d-4d69-94b6-d384d365b057,18,10,9,2,2,14,0,0,0,0,0,0,0,0,0,0,0,0,0
sid-d7e633ef-84fa-42f8-a2c0-0e59904d4291,30,22,15,3,2,28,1,0,2,2,0,0,0,0,0,0,0,0,0
sid-8d71145a-1d8c-4675-954c-783d2f183af1,12,7,6,7,2,18,1,0,0,0,0,0,0,0,0,0,0,0,0
sid-70a1acf2-9cea-4f7e-a035-2be61ef7affa,2,1,1,0,0,1,1,0,0,0,0,0,0,0,0,0,0,0,0
sid-88cd927f-1a82-4a92-9682-422b13f517e7,10,5,5,1,1,11,1,0,2,1,0,0,0,0,0,0,0,0,0
sid-ee81636c-8ee1-40f8-a86d-e361c59750ee,2,1,1,0,0,1,1,0,0,0,0,0,0,0,0,0,0,0,0
sid-795ff6fe-b5d5-4b89-8a1e-f18c6c484bd5,30,20,15,5,2,35,3,0,2,2,0,0,2,0,0,0,0,0,0
sid-05cdaf76-bcd2-4543-8a9d-a3e9ecc4016f,14,10,7,2,1,12,1,0,0,0,0,0,0,0,0,0,0,0,0
sid-6ccbbfd5-b6db-4bff-9839-3a8c79bac084,10,5,5,1,0,6,0,0,0,0,0,0,0,0,0,0,0,0,0
sid-05d971a4-882e-4124-ab8c-bb0c55598afd,10,1,1,1,4,10,2,4,0,0,0,0,0,0,0,0,0,0,0
sid-401c962b-d385-4a39-8601-bc8c92fffc20,4,2,2,0,1,6,1,0,0,0,0,0,2,0,0,0,0,0,0
sid-a3c861e3-72c1-49c6-b1cc-e5a9a8c1e972,4,2,2,0,1,5,1,0,0,1,0,0,0,0,0,0,0,0,0
sid-5c5aebf3-c771-4ce1-9deb-0eb3d7289d01,18,11,9,3,2,19,1,0,0,0,0,0,2,0,0,0,0,0,0
sid-27c26f98-ebbf-498d-a71e-e16779fbc7e3,20,10,10,5,2,19,0,0,0,0,0,0,0,0,0,0,0,0,0
sid-a6550cea-8799-401f-ad0b-9a2190deb87d,20,14,10,1,1,23,1,0,3,3,0,0,2,0,0,0,0,0,0
sid-e942523f-4e55-439c-921a-d99ecad91f62,4,0,0,0,0,0,0,2,0,0,0,0,0,0,0,0,0,0,0
sid-0aeec022-e17d-49d7-bb36-95a646d52d53,0,0,1,0,1,2,1,0,0,0,0,0,0,0,0,0,0,0,0
sid-cfb02a2d-7a56-4eec-a6ea-1cd57c1f89ed,16,8,8,2,0,10,1,0,0,0,0,0,0,0,0,0,0,0,0
sid-88ea0ed7-2bdc-4735-96e3-e4b731003d73,24,16,12,2,1,21,1,0,2,0,0,0,2,0,0,0,0,0,0
sid-dd7a27c7-a916-41b5-a596-d1a83c30cef2,28,18,14,2,1,22,1,0,0,0,0,0,2,0,0,0,0,0,0
sid-aa195217-54a9-4302-a0a9-2dc6915a9e93,14,7,7,2,4,12,1,0,0,0,0,0,0,0,0,0,0,0,0
sid-9dae24d9-6924-49aa-b131-16cf083a7648,0,0,0,0,0,1,0,0,0,0,0,0,0,0,0,0,0,0,0
sid-74824f2b-c0f7-45e0-8e62-97ce9077d0e1,64,27,0,0,0,0,0,4,0,0,0,0,0,0,0,0,0,0,0
sid-21dd8f38-5a7e-4655-a497-6106672865ed,16,8,8,1,1,11,1,0,1,0,0,4,0,0,0,0,0,0,0
sid-3381febb-8485-489c-90e4-5cd360e02bf0,8,6,4,0,1,8,1,0,1,1,0,0,0,0,0,0,0,0,0
sid-ffa8241d-a6af-4371-8a0d-23c13682ff56,36,18,18,11,2,42,1,0,2,2,0,0,0,0,0,0,0,0,0
sid-d587f9db-6850-41b4-b204-6adb5f79d8b5,10,6,5,1,1,8,1,0,0,0,0,0,0,0,0,0,0,0,0
sid-08af7eec-edf6-46a9-a3a2-76171a85d748,6,4,2,1,2,6,1,1,0,0,0,0,0,0,0,0,0,0,0
sid-71ecbaa3-64ea-4302-860b-2be9e440effb,8,5,4,0,1,4,1,0,0,0,0,0,0,0,0,0,0,0,0
sid-d6eaf6eb-51ba-4071-8ecf-c5e4e25bf2e8,5,4,2,0,1,3,1,0,0,0,0,0,0,0,0,0,0,0,0
sid-c2e73efb-ca15-4788-bf32-baae2a9ba8d3,8,6,4,4,1,11,1,0,0,0,0,0,0,0,0,0,0,0,0
sid-2c60b889-6d2f-4dd9-a05c-b3729cc1880e,14,7,7,5,2,17,1,0,0,0,0,0,0,0,0,0,0,0,0
sid-46dc4f0a-e7bd-40e8-89c8-362a63fa9115,0,0,0,0,0,1,0,0,0,0,0,0,0,0,0,0,0,0,0
sid-fd8ed42d-4cf2-4805-8c95-46b38b0cc11c,6,6,3,1,3,9,1,0,1,1,0,0,0,0,0,0,0,0,0
sid-d2997457-0324-4f0e-bc49-a7199ea53c46,42,41,21,8,13,66,1,0,8,4,0,0,4,0,0,0,0,0,0
sid-f91cb934-379e-40e1-b16a-43ce1548ed63,22,16,11,4,5,28,1,0,3,3,0,0,0,0,0,0,0,0,0
sid-7502f5f2-4250-4d09-a194-2d7312b7bc1b,14,8,7,2,1,12,1,0,0,0,0,0,0,0,0,0,0,0,0
sid-6d260292-7883-4a6d-9402-793e2e0374e2,8,6,4,1,2,7,1,0,0,0,0,0,0,0,0,0,0,0,0
sid-4f904e90-c509-4467-b43f-d7219dda258a,6,5,3,0,1,7,1,0,2,1,0,0,0,0,0,0,0,0,0
sid-55e03d8a-7ec7-4221-a353-afe03bfcd155,14,7,7,6,5,20,1,0,0,0,0,0,0,0,0,0,0,0,0
sid-e1032054-9a3e-4ba1-ab83-8c2333d3d131,22,13,11,3,3,23,1,0,1,0,2,2,2,0,1,0,0,0,0
sid-9f56f120-e75a-4660-88db-978659be2ba5,38,20,19,7,9,44,1,0,5,3,0,0,0,0,0,0,0,0,0
sid-f04d573b-85a0-4b6a-bddf-5ae31e59fd40,20,10,10,0,1,11,1,0,0,0,0,0,0,0,0,0,0,0,0
sid-cfeea9b0-d873-4a66-8a4d-cc38eaf36b95,8,3,0,0,0,0,0,1,0,0,0,0,0,0,0,0,0,0,0
sid-d54925d4-3227-4b73-8b8d-5db4d8c56d02,8,4,4,1,2,6,0,0,0,0,0,0,0,0,0,0,0,0,0
sid-5015db90-2cd3-4900-9985-94fd0de5740c,8,5,4,0,1,5,1,0,0,0,0,0,0,0,0,0,0,0,0
sid-ddcfd384-6986-4905-b24f-03c8eff01a11,8,4,4,2,1,8,1,0,0,0,0,0,0,0,0,0,0,0,0
sid-5910ce67-3ce4-4676-b72f-b1f7d092128f,5,2,9,3,1,16,1,0,0,0,0,0,0,0,0,0,0,0,0
sid-592364d0-3782-4d34-bcb3-5a37f16f70e4,20,16,10,5,2,24,1,0,0,0,0,0,2,0,0,0,0,0,0
sid-38bffc9a-51ab-49e8-97a5-958c59236563,12,5,7,2,1,10,1,0,0,0,0,1,0,0,0,0,0,0,0
sid-d45be2eb-a0cb-4b6b-85fc-f25468dae6bf,8,4,4,0,0,4,1,0,0,1,0,0,0,0,0,0,0,0,0
sid-ec8d933a-6de2-405b-8ed6-ba84efd42fb1,20,12,9,4,4,20,1,0,1,1,0,0,0,0,0,0,0,0,0
sid-c069ffe7-b45a-4fe0-832a-d534ece94e24,16,13,8,4,4,21,1,0,1,1,0,0,1,0,0,0,0,0,0
sid-5ff5857b-9e27-40d8-89f3-1d6150db1057,16,8,8,3,1,15,1,0,0,0,0,0,0,0,0,0,0,0,0
sid-232d5077-13ed-4b15-9d20-e2a901c3a32e,8,4,4,0,2,10,1,0,0,1,0,0,2,0,0,0,0,0,0
sid-454904cc-6e25-4af6-a99e-4b46dc84938d,16,9,7,4,1,14,0,0,1,0,0,0,0,0,0,0,0,0,0
sid-adc6bb85-d32a-4ba9-8e79-992d528b1f9b,16,4,3,0,1,12,1,5,0,0,0,0,0,0,2,0,0,0,0
sid-4c508f2a-5ab2-4986-ba78-675e9ced3a64,23,13,13,4,1,22,1,0,0,0,1,0,0,0,0,0,2,0,0
sid-9ff5399d-2509-4d12-adb5-0fbb04060a5f,12,8,6,2,1,11,1,0,0,0,0,0,0,0,0,0,0,0,0
sid-2c3e9901-dd59-4292-a32a-d66611d73ffa,10,8,5,1,2,8,1,0,0,0,0,0,0,0,0,0,0,0,0
sid-5db5581f-a241-4fe6-8399-e72bf5722241,12,5,0,0,0,0,0,1,0,0,0,0,0,0,0,0,0,0,0
sid-a61718d9-2e13-44e9-b124-98004c49fe51,10,6,5,3,2,15,1,0,1,1,0,0,0,0,0,0,0,0,0
sid-b4575353-b78b-4b49-914a-38c2285c897c,15,7,7,1,1,11,1,0,0,0,0,0,0,0,0,0,0,0,0
sid-6f4dce54-8f2e-4ec9-97ee-87509fdc7576,8,5,4,0,1,5,1,0,0,0,0,0,0,0,0,0,0,0,0
sid-d7fafd24-319b-4c69-8196-19c60c0e6d0b,16,11,8,3,5,20,0,0,1,1,0,0,2,0,0,0,0,0,0
sid-40357af1-b30d-4f13-9fd6-3ac36679a53d,14,8,7,2,2,14,1,0,0,2,0,0,0,0,0,0,0,0,0
sid-cf687fe6-0bcc-4a63-8c32-0ea7b001c921,12,6,6,0,1,7,1,0,0,0,0,0,0,0,0,0,0,0,0
sid-f5624f60-d847-42ec-a4da-6add71a2d875,21,8,7,0,1,10,1,2,0,0,0,0,0,0,0,0,0,0,0
sid-0f8d54a6-91e1-4a0a-bf36-1b77af7d4fc7,6,2,2,0,0,2,1,0,0,0,0,0,0,0,0,0,0,0,0
sid-8b7fdb78-1f88-4477-ba05-110833ee5782,76,47,37,20,3,86,4,1,3,1,0,0,4,0,0,0,0,0,0
sid-bd5bde81-80ec-491a-8edd-b2d4dc3c47aa,16,8,7,1,1,14,2,0,1,1,0,0,0,0,0,0,0,0,0
sid-183c9539-3ec9-49e5-ac7e-543e4b090f42,18,9,8,5,3,17,1,1,0,0,0,0,0,0,0,0,0,0,0
sid-41373668-b70d-419e-8fac-ee8eebf2f330,11,5,6,2,2,9,1,0,0,0,1,2,0,0,0,0,0,0,0
sid-566a3a12-aeeb-44cb-a251-f20edf3e6ef5,4,3,2,2,0,4,1,0,0,0,0,0,0,0,0,0,0,0,0
sid-b68505cf-ef8c-414e-b4f1-044d3650016c,16,10,8,4,3,20,1,0,1,1,0,0,1,0,0,0,0,0,0
sid-c237c9e5-6be8-4fcd-a843-cb1bf7641ecd,14,8,7,2,4,18,1,0,2,2,0,0,0,0,0,0,0,0,0
sid-e2fcf9ec-47cb-4f18-8782-2158a26c8968,32,16,16,11,1,42,1,0,2,2,0,0,0,0,0,0,0,0,0
sid-a33cfd3b-2a44-4dab-9f7f-fa305ef91e78,21,9,9,2,4,20,1,1,2,0,0,0,2,0,0,0,0,0,0
sid-f1e2c52e-ce4f-42aa-bf7a-fbfb17fe35ce,10,6,5,1,1,8,1,0,0,0,0,0,0,0,0,0,0,0,0
sid-931ec81a-dba5-4bc3-9cdc-24187ca4f389,52,35,26,0,7,57,4,0,8,0,0,0,4,0,0,0,0,0,0
sid-d0882a44-376b-41bc-8a7b-90d431bb4f40,12,9,6,2,3,11,1,0,0,0,0,0,0,0,0,0,0,0,0
sid-261c4cc8-8caa-46ad-856e-4baeaab98a5b,6,3,3,0,1,4,1,0,0,0,0,0,0,0,0,0,0,0,0
sid-c1b8b2fc-a3db-48fa-8cc1-82b9bb738c37,24,12,12,5,3,30,1,0,2,0,0,0,3,0,1,0,0,0,0
sid-fa2b6ba4-7c85-4b38-a85c-24cf27406cd1,14,9,7,5,2,16,1,0,0,0,0,0,0,0,0,0,0,0,0
sid-690c0598-bdb0-4f87-8de2-12b2e7c0eae0,2,1,1,0,1,2,1,0,0,0,0,0,0,0,0,0,0,0,0
sid-761978b2-11ee-4681-9dc7-4041d2b3db1f,22,11,11,0,6,21,1,0,0,3,0,0,1,0,0,0,1,0,0
sid-293a1ede-de57-4f6b-ac93-2532333dda04,18,10,7,1,3,17,1,2,1,1,6,5,1,0,0,0,0,0,0
sid-9f1baa6b-3120-4b80-a997-c90b03aee22b,18,12,9,1,3,14,1,0,0,1,0,0,0,0,0,0,0,0,0
sid-3d1f463d-3c8e-444e-842e-90761c22a69b,18,12,9,1,2,14,1,0,0,0,0,0,1,0,0,0,0,0,0
sid-937dacdb-4eaa-4ab1-818f-fe7ea8f7acb0,18,9,9,0,1,10,0,0,0,0,0,0,0,0,0,0,0,0,0
sid-527b0988-dac5-4448-9934-8e550315d321,0,0,0,0,0,1,0,0,0,0,0,0,0,0,0,0,0,0,0
sid-79f53f03-1e27-40fc-a865-efe1fbe09669,20,13,10,8,2,36,1,0,3,2,1,1,4,0,0,0,0,0,0
sid-70243237-5cec-43a3-a92e-afa3c5f4e21b,10,5,5,0,0,4,0,0,0,0,0,0,0,0,0,0,0,0,0
sid-7e8c7b7e-7196-40b3-9fc5-82a67a73b098,20,12,10,0,6,26,1,0,2,6,0,0,0,0,0,0,0,0,0
sid-12c31448-2447-400b-9a88-821a8e552a59,22,16,11,3,2,20,1,0,0,1,0,0,0,0,0,0,0,0,0
sid-62c28843-b184-41e1-a25f-91408775a5b3,30,16,15,4,1,23,1,0,0,0,0,0,0,0,0,0,0,0,0
sid-405cf59a-c0ec-4aa1-b82d-8d496ea8d112,12,8,6,1,2,9,1,0,0,0,0,0,0,0,0,0,0,0,0
sid-b998df95-005d-4f36-97b2-a0f8a606bdba,20,10,10,5,4,22,1,0,0,0,0,0,1,0,0,0,0,0,0
5df16912c349478f84d5a35f31090b42.bpmn,0,0,0,0,0,0,1,0,0,0,0,0,0,0,0,1,0,0,0
sid-780b2fd6-4383-4668-ae8b-25e300cab766,12,7,6,0,1,6,1,0,0,0,0,0,0,0,0,0,0,0,0
sid-6ac9cba7-2c9a-4fc0-a09c-4019d19cc482,26,21,13,8,3,28,1,0,0,0,0,0,0,0,0,0,0,0,0
sid-056ccfd8-6c64-4fde-9ede-85e0ed1cbc72,10,6,5,1,1,8,1,0,0,0,0,0,0,0,0,0,0,0,0
sid-851063b9-154a-464d-b0b2-3807e7b88a30,4,2,2,0,2,5,1,0,0,1,0,0,0,0,0,0,0,0,0
sid-39d21fa1-6e00-49d7-81e7-e9ea214f12ff,12,6,6,2,1,11,1,0,0,0,0,0,0,0,0,0,0,0,0
sid-71125e05-334a-4cd3-b125-0827d784ee38,4,2,2,0,1,3,1,0,0,0,0,0,0,0,0,0,0,0,0
sid-4fbca6af-35e4-4e6b-85f9-c27264874292,16,8,8,0,1,11,1,0,1,0,0,0,1,0,0,0,0,0,0
sid-f02c89a5-84f5-4bac-96e3-86732c180aec,16,8,8,1,1,16,1,0,0,2,0,0,0,0,0,0,0,0,0
sid-aa836448-22a9-470b-aaf6-55ee69e058ab,14,7,7,1,0,11,1,0,0,2,0,0,0,0,0,0,0,0,0
sid-ad31bbf8-aa99-48ed-a3eb-66f11dc631b5,8,4,4,1,0,5,1,0,0,0,0,0,0,0,0,0,0,0,0
sid-802c863c-4e9f-4fd4-91a3-c6441402a47b,12,5,5,2,3,13,1,0,0,0,0,0,2,0,0,0,0,0,0
5eca42f86940420192395207fbeb2621.bpmn,0,0,0,1,2,8,1,0,0,0,0,0,0,5,0,1,0,0,0
sid-9a088bbd-3367-4347-8bc8-c1c4e20fd4b3,14,7,7,3,2,20,1,0,2,2,0,0,0,0,0,0,0,0,0
sid-e6fd0602-6129-40a9-a9ab-f71c954710b9,28,16,14,7,1,30,1,0,0,1,0,0,2,0,0,0,0,0,0
sid-9de41509-e8df-4d77-979c-22182a9ac2ee,20,11,10,3,3,24,1,0,2,3,0,0,0,0,0,0,0,0,0
sid-5b2baafc-e95a-4e0f-8826-e133a975438b,10,5,5,1,1,8,2,0,0,0,0,0,0,0,0,0,0,0,0
sid-ef9cd4f3-545b-4f30-b403-06add2ce768b,16,8,8,2,1,15,1,0,0,2,0,0,0,0,0,0,0,0,0
sid-f46e86db-11c6-45d5-b612-f896d00311b5,16,11,8,4,3,21,1,0,2,0,0,0,1,0,0,0,0,0,0
sid-e967aa1e-efff-465b-b7c2-36340e4acd3b,10,5,5,3,3,12,1,0,0,0,0,0,0,0,0,0,0,0,0
sid-3e540bea-9ea2-4ddb-8cd0-a0b78c942efa,14,8,7,4,1,14,1,0,0,0,0,0,0,0,0,0,0,0,0
sid-84f01613-65e3-48ae-b4e5-518ec997bece,15,7,7,1,1,14,1,0,2,1,0,0,0,0,0,0,0,0,0
sid-5977d67d-b41a-48fb-97de-61307d6f10d4,14,8,7,4,0,12,1,0,0,0,0,0,0,0,0,0,0,0,0
sid-a128c562-b6ff-4762-86ad-3db757b3baa8,19,9,9,2,2,17,1,0,0,0,0,0,2,0,0,0,0,0,0
sid-6b323bd8-bd02-4a8e-ac47-3f51858d5806,6,3,3,0,1,4,1,0,0,0,0,0,0,0,0,0,0,0,0
sid-377766cd-ef11-4ef6-9fd5-493a682ec2e5,16,9,8,4,1,15,1,0,0,0,0,0,0,0,0,0,0,0,0
sid-99200f64-6997-4d99-a516-0fd16e30aeb3,14,6,3,0,1,5,1,1,0,0,0,0,0,0,0,0,0,0,0
sid-eaf1067e-90e2-4b79-a8fa-9983f38fe1a3,16,3,1,0,0,4,0,4,0,0,0,1,0,0,0,0,0,0,0
sid-f2772ee3-0f39-4a01-8c3e-5eb34c9b5910,29,13,13,3,2,22,1,0,0,0,0,0,0,0,2,0,0,0,0
sid-b4256d01-8713-4c9f-bc2b-eeb5310bb061,10,6,5,1,1,8,1,0,0,0,0,0,0,0,0,0,0,0,0
sid-fe38e82e-9918-4783-84bb-d3f3ef4fd95a,4,2,2,0,1,3,1,0,0,0,0,0,0,0,0,0,0,0,0
sid-358b40f6-533a-4871-9977-612ac09f0df0,13,10,6,0,1,7,1,0,0,0,0,0,0,0,0,0,0,0,0
sid-38eb6276-acf9-4d27-8236-d3ef024df25a,16,15,8,3,2,14,1,0,0,0,0,0,0,0,0,0,0,0,0
sid-21c39b68-7e4c-43e8-af52-251ae72da1aa,20,12,10,2,3,20,1,0,2,1,0,0,0,0,0,0,0,0,0
sid-11d649b6-bcfb-4978-8962-934412c8c0e8,9,5,4,2,1,3,1,0,0,0,0,0,0,0,0,0,0,0,0
sid-c63ca2c6-3dc0-44b8-b8d5-41c5ee35b1a7,16,7,7,0,3,0,0,1,1,0,0,0,0,0,0,0,0,0,0
sid-0c3032e2-af86-4eae-a2f1-e1b19134efcc,12,9,6,2,2,16,1,0,0,2,0,0,1,0,0,0,0,0,0
sid-3c974f47-336d-48f0-982d-77006a094b53,50,28,24,9,2,49,1,0,3,1,0,0,2,0,0,0,0,0,0
sid-75b00edf-d26f-471a-b0f4-79a55fbf907b,42,26,21,7,8,47,1,0,4,1,0,0,3,0,0,0,0,0,0
sid-dd918974-8865-4a7d-a75f-157df23520bb,34,25,17,0,1,19,1,0,1,0,8,4,0,0,0,0,0,0,0
sid-19905ded-01ca-4bdd-bf63-0e3288ddc999,64,27,0,0,0,0,0,4,0,0,0,0,0,0,0,0,0,0,0
sid-e7376309-1d4e-4292-ae9c-0b42db701dc4,6,5,3,1,1,5,1,0,0,0,0,0,0,0,0,0,0,0,0
sid-be4c7e49-3ea3-4b5e-b266-e4dc4febf377,14,12,6,1,1,12,1,1,0,0,0,0,2,0,0,0,0,0,0
sid-9090568f-de99-428e-a30d-f93a0cbf7f22,8,6,4,0,1,5,1,0,0,0,0,0,0,0,0,0,0,0,0
sid-4d7002e8-d91f-4c7c-a964-34a6b62cff72,6,3,3,1,2,6,1,0,0,0,0,0,0,0,0,0,0,0,0
sid-79c8949d-d7a1-4b48-a6a2-9dad70fa8c41,4,2,2,0,1,3,1,0,0,0,0,0,0,0,0,0,0,0,0
sid-d5955fce-a346-4b13-8fb3-a3955be146d3,76,29,29,27,4,60,2,6,2,18,0,0,0,2,0,0,0,0,0
sid-22d9bf83-763f-4e16-be84-3b1c3341f5eb,12,8,6,2,1,11,1,0,0,0,0,0,0,0,0,0,0,0,0
sid-515646ac-9fe2-4821-b8bb-6221cf995228,6,3,3,1,1,6,1,0,0,0,0,0,0,0,0,0,0,0,0
sid-bc4496cb-5813-412d-9911-37fb2aaa2ae3,16,8,8,4,1,18,1,0,1,1,0,0,0,0,0,0,0,0,0
sid-b73d451a-6edc-4e9d-be41-041a2d3da2cc,22,11,11,1,5,22,1,0,1,3,0,0,1,0,0,0,0,0,0
sid-4b3af934-cd80-456b-8498-3eadcb00bdba,6,3,3,0,0,2,0,0,0,0,0,0,0,0,0,0,0,0,0
sid-9c37ce5d-c6a6-4081-8038-fecc320c4ae5,6,3,3,0,1,4,1,0,0,0,0,0,0,0,0,0,0,0,0
sid-72e6cf8c-5367-49a3-915e-989a2ab3cdf5,16,9,8,2,4,17,1,0,2,0,0,0,0,0,0,0,0,0,0
sid-ff65b98b-39ae-4f08-8b65-206a9175cf2c,4,1,0,0,0,0,0,1,0,0,0,0,0,0,0,0,0,0,0
sid-c72bc7e9-b9ce-4402-8f58-768c9fb70231,12,8,6,7,1,21,1,0,2,1,0,0,0,0,0,0,0,0,0
sid-8854ac45-7987-45c7-ac8a-380786a32df8,16,8,8,1,2,11,1,0,0,0,0,0,0,0,0,0,0,0,0
sid-a8c07af5-2218-472a-9be1-f509a3159634,10,5,5,3,2,11,1,0,0,1,0,0,0,0,0,0,0,0,0
sid-728c74d2-aa99-4042-9bd6-cddde3728f31,8,3,0,0,0,0,0,1,0,0,0,0,0,0,0,0,0,0,0
sid-0a490275-0c4a-4b63-a629-ba0c4fa6051e,21,9,9,6,0,21,0,0,3,0,0,0,0,3,0,0,0,0,0
sid-7fc05f67-a5be-4e6e-8dfd-3ea17e63053f,18,9,9,0,1,19,1,0,2,2,0,0,0,0,0,0,0,0,0
sid-e10a5cbc-c283-4709-86cd-d5009481692d,24,14,12,4,3,23,1,0,0,0,0,0,2,0,0,0,0,0,0
sid-7939ffae-e165-4e3b-8b79-59ab76403f35,16,8,8,3,1,15,1,0,0,0,0,0,0,0,0,0,0,0,0
sid-17854d3c-f32e-48b0-ad92-84fdf99d92f7,20,10,10,3,2,16,1,0,0,0,0,0,0,0,0,0,0,0,0
sid-68c08511-18b3-4ed8-8fb3-627b38a129d8,8,8,4,1,1,7,1,0,0,0,0,0,0,0,0,0,0,0,0
6cdf73bca4364054a68d572cac799a2e.bpmn,0,0,0,1,2,8,1,0,0,0,0,0,0,5,0,1,0,0,0
sid-3b5e1e61-6b14-4120-b06e-7436bebbcf78,14,9,7,2,1,12,1,0,0,0,0,0,0,0,0,0,0,0,0
6ce7e0c92371458191eff11dc7610f92.bpmn,0,0,0,0,0,0,1,0,0,0,0,0,0,0,0,1,0,0,0
sid-bb9f5512-1a6a-4909-a016-d39c9de13ba7,10,8,5,0,1,6,1,0,0,0,0,0,0,0,0,0,0,0,0
sid-7d9187b0-5fa1-4ecc-8607-343cac01f55b,21,8,7,0,1,10,1,2,0,0,0,0,0,0,0,0,0,0,0
sid-11d2095f-3613-4ad1-8ecb-67ee46b39206,2,0,0,0,0,1,1,1,0,0,0,0,0,0,0,0,0,0,0
sid-451e75da-8718-47e4-abec-44ffddc90826,7,3,3,0,0,2,0,0,0,0,0,0,0,0,0,0,0,0,0
sid-bceed26a-f84d-4a3f-8acc-7b4053916c2f,8,4,4,2,1,8,1,0,0,0,0,0,0,0,0,0,0,0,0
sid-f4838ddc-e7b6-49ed-b838-d6f86f5ecd2d,4,4,2,0,0,1,0,0,0,0,1,1,0,0,0,0,0,0,0
sid-4b1c3c77-dd2c-4713-bd8b-7cca29621535,20,10,10,0,2,15,1,0,1,1,0,0,0,0,0,0,0,0,0
sid-098b5c93-17f6-4ec4-9498-88941c6944b1,8,4,4,0,0,3,1,0,0,0,0,0,0,0,0,0,0,0,0
sid-00e362e1-d88f-4363-bddb-280109b56116,10,6,5,1,2,11,1,0,2,1,0,0,0,0,0,0,0,0,0
sid-bb98ad40-4367-4076-ba83-dc115385b31f,10,5,5,0,2,9,1,0,0,0,0,0,1,0,0,0,0,0,0
sid-781a7efe-86cb-4498-94ae-2cbe87ec26c2,16,10,8,4,3,21,1,0,1,1,0,0,1,0,0,0,0,0,0
sid-bf677e84-3ba9-433a-a092-93bc128fa661,12,8,6,2,1,11,1,0,0,0,0,0,0,0,0,0,0,0,0
sid-0786fa46-44c3-4a36-a523-b1a497dacbfc,18,8,8,0,1,12,1,0,0,0,0,0,2,0,0,0,0,0,0
sid-042a08fc-8b58-4e6b-9fab-c911fab4cbaa,14,6,6,2,3,12,1,1,0,0,0,0,0,0,0,0,0,0,0
6e6f5570b09e48adbfc147b961d0cdef.bpmn,0,0,0,0,0,0,1,0,0,0,0,0,0,0,0,1,0,0,0
sid-cac59592-c105-4f73-b7a5-c0bb535b2c65,14,7,7,2,2,12,1,0,0,0,0,0,0,0,0,0,0,0,0
sid-7b255b54-365e-47e7-b1cd-4d691b88ac62,14,13,7,1,2,10,1,0,0,0,0,0,0,0,0,0,0,0,0
sid-30f416f6-ab25-4c48-ba4a-bc9a2035c81e,10,5,5,0,1,6,1,0,0,0,1,0,0,0,0,0,0,0,0
sid-2843cce8-21cc-4054-a1b7-f3ec4237f2ba,23,11,11,4,2,24,1,0,2,1,0,0,0,0,0,0,0,0,0
sid-eeacee60-3262-4c2d-b03e-6ad159c4789b,8,4,4,0,2,7,2,0,0,1,0,0,0,0,0,0,0,0,0
sid-d718f8bf-5b68-4cf0-b9ae-431df67c6855,8,7,4,0,1,5,1,0,0,0,0,0,0,0,0,0,0,0,0
sid-8004bd7c-dedf-4795-9980-368ee2f0a007,4,2,2,0,1,3,1,0,0,0,0,0,0,0,0,0,0,0,0
sid-2e769e41-682c-407e-b143-88f18ae2e100,14,14,7,1,1,9,1,0,0,0,0,0,0,0,0,0,0,0,0
sid-06dec744-e232-4238-8f70-d52f6abb3fe9,14,8,7,2,1,12,1,0,0,0,0,0,0,0,0,0,0,0,0
sid-0e78b6ee-0881-4adb-886e-6fe7f80436d4,34,18,17,2,3,31,1,0,1,3,0,0,2,0,0,0,0,0,0
sid-91ed8716-8207-4dc4-99bb-433f5d64772a,8,7,4,0,1,5,1,0,0,0,0,0,0,0,0,0,0,0,0
sid-a0877ad4-4690-483d-a5f5-4278855b26ab,20,10,10,1,0,13,2,0,0,0,0,0,0,0,0,0,0,0,0
sid-f8828a5c-8817-4257-9718-e86ed1818c71,0,0,3,3,1,9,1,0,0,0,0,0,0,0,0,0,0,0,0
sid-2882648e-9398-4c7e-8b77-e4253bd88f8b,10,6,5,0,1,6,1,0,0,0,0,0,0,0,0,0,0,0,0
sid-caf7d600-6670-4cde-85b7-52018af4d94a,24,0,24,5,7,37,2,0,0,0,7,4,0,0,0,0,0,0,0
sid-c1cda487-cf58-445d-89cf-dcf5c86d1d61,20,8,8,1,2,13,1,0,0,0,0,0,0,1,0,0,0,0,0
sid-e70cbf05-f807-495c-88f2-22096174bbfb,8,3,3,0,0,3,0,1,0,0,0,0,0,0,0,0,0,0,0
sid-ada0803f-c971-4515-b8ef-7eaa0031c4f9,6,3,3,1,2,6,1,0,0,0,2,0,0,0,0,0,0,0,0
sid-3c88df12-5273-4981-8aab-4f3524d8a13d,7,0,7,8,1,22,1,0,1,0,0,0,0,0,0,0,0,0,0
sid-f1a67e40-7265-423e-8e1f-c69c6671f149,24,10,10,3,3,19,1,2,0,0,0,0,0,0,0,0,0,0,0
sid-d4b432e0-5b9c-41ce-ad63-2762d5261f9e,10,5,5,0,1,6,1,0,0,0,0,0,0,0,0,0,0,0,0
sid-9e9dbe48-0d9b-4857-8cd1-65109023a99e,8,6,4,1,1,10,1,0,1,1,0,0,0,1,0,0,0,0,0
sid-529fb700-2c71-4e92-ade0-78e677ee2f52,14,9,7,4,1,14,1,0,0,0,0,0,0,0,0,0,0,0,0
sid-7b96ea8d-643e-495a-bccd-5c838a6f274c,4,2,2,0,0,2,1,0,0,0,0,0,0,0,0,0,0,0,0
sid-5b06b8fc-c38f-4590-9d20-1e9b060fc9e4,0,0,0,0,0,3,0,0,0,0,0,0,0,0,0,0,0,0,0
sid-e348ef99-9e74-4dc8-951e-b17cff1193ed,10,8,5,0,1,6,1,0,0,0,0,0,0,0,0,0,0,0,0
sid-cc0c5318-516d-4c52-b0b0-f0030a84ac7e,12,3,3,3,1,12,1,3,0,0,0,0,0,0,0,0,0,0,0
sid-7172bef1-fa49-43bf-bf9d-16e4a90dab77,16,10,8,4,3,20,1,0,1,1,0,0,1,0,0,0,0,0,0
sid-9db7ba6e-45db-4b20-9a26-87596f72f2af,8,5,4,2,2,9,1,0,0,0,0,0,0,0,0,0,0,0,0
sid-1c2230ff-5df2-43a6-9b26-5dbf45d8b4a6,12,9,6,2,1,10,1,0,0,0,0,0,0,0,0,0,0,0,0
sid-40a48fd6-1777-424e-a9dd-d030c9fb3d7b,41,19,19,0,6,46,1,1,2,8,0,0,4,0,0,0,0,0,0
sid-f3f05402-9925-4444-be7c-8894ada71a23,38,19,19,12,2,46,1,0,2,3,0,0,0,0,0,0,0,0,0
sid-efc3b68d-a406-4589-aed1-bd0c252f9db4,10,7,5,1,3,11,1,0,0,1,0,0,1,0,0,0,0,0,0
sid-50c4692c-8034-46db-b375-03a1e2504d0f,18,10,9,3,1,16,1,0,0,0,0,0,0,0,0,0,0,0,0
sid-a0a6bc07-66a5-4c5b-8cb4-e810e986932c,14,9,7,1,2,10,1,0,0,0,0,1,0,0,0,0,0,0,0
sid-8efc5961-8546-4c18-8748-a98076000d1c,77,42,35,8,5,72,2,3,10,3,1,1,1,1,0,0,0,3,0
sid-b68958b7-5b3c-4598-8be5-0b2c6b878d70,18,9,9,2,2,14,1,0,0,0,2,2,0,0,0,0,0,0,0
sid-b8594f54-92d0-42b7-9d23-1e4f63e67f8f,14,8,7,2,1,12,1,0,0,0,0,0,0,0,0,0,0,0,0
sid-4e5446e8-0104-4716-a1a3-e21f008011b7,8,8,4,4,1,11,1,0,0,0,0,0,0,0,0,0,0,0,0
sid-796a1f08-0e5f-4e3a-b29c-f403395caa31,2,1,1,0,0,0,0,0,0,0,0,0,0,0,0,0,0,0,0
sid-47c6037b-f93a-48d9-ab6f-ee813d84935c,6,4,3,3,0,9,1,0,1,1,0,0,0,0,0,0,0,0,0
sid-29427abb-da97-42b8-bb2e-9491f9cba406,10,6,5,1,1,8,1,0,0,0,0,0,0,0,0,0,0,0,0
sid-8064ad9b-3582-4791-b159-b8e82c564b1c,12,7,6,2,0,8,0,0,0,0,0,0,0,0,0,0,0,0,0
sid-29645cfb-e9a4-4105-bb9d-65afd5b91954,14,8,7,1,2,12,2,0,0,0,0,0,1,0,0,0,0,0,0
sid-5ab5694d-5515-4230-b9bb-b4a7e539bca1,16,8,8,2,2,13,1,0,0,0,0,0,0,0,0,0,0,0,0
sid-8925831f-e43f-4814-8477-3fe418cfb4dd,8,6,3,0,1,8,1,1,0,1,0,0,1,0,0,0,0,0,0
sid-311a8966-0852-4873-8fb5-4c109b7525e0,8,4,4,0,2,7,2,0,0,1,0,0,0,0,0,0,0,0,0
sid-72d6d5f6-e1bd-405d-a230-0fa6c54b6319,8,4,4,2,1,12,1,0,0,0,0,0,2,0,0,0,0,0,0
sid-cdcc177e-d782-4c04-99a0-6bd30bb2bd16,2,1,1,0,1,2,1,0,0,0,0,0,0,0,0,0,0,0,0
sid-c4417a54-a50e-4ff3-83f7-0ffc13671109,22,14,11,1,3,16,1,0,0,1,0,0,0,0,0,0,0,0,0
sid-ae2b5a96-09c8-4089-a372-fb100050f9a1,50,20,20,5,1,41,1,0,0,0,1,0,7,0,0,0,0,0,0
sid-b98d6bf5-7ca1-4a2d-b31f-96a769c6ef6a,16,10,7,1,3,13,1,1,0,0,0,0,1,0,0,0,0,0,0
sid-9833d194-ad74-4ae0-a387-e2b184873b57,16,10,8,4,4,22,1,0,1,1,0,0,2,0,0,0,0,0,0
sid-c251cb13-89e6-4d71-9dd2-7f21f030eda1,14,8,7,5,2,19,0,0,2,1,2,2,0,0,0,0,0,0,0
sid-f80b00e7-7e67-4097-a155-b0a6472e5a2d,12,6,6,3,2,15,1,0,0,2,0,0,0,0,0,0,0,0,0
sid-124c4d40-f511-4da2-89b9-e31e3d2a42c2,4,2,2,0,1,3,1,0,0,0,0,0,0,0,0,0,0,0,0
sid-95c3c30e-6098-4204-948e-9d47366ce12e,56,28,28,8,6,55,2,0,0,1,0,0,4,0,0,0,0,0,0
sid-255151ae-5e9d-413c-8873-202a2631203f,30,27,15,8,2,40,1,0,3,2,1,1,0,0,2,0,0,0,0
sid-c249aec0-d2bf-4061-b743-ad0cb8857d24,9,3,3,1,2,7,1,1,0,0,0,0,0,0,0,0,0,0,0
sid-f1b08890-4f39-4e63-af0a-5ebce8d08b18,10,5,5,1,1,10,1,0,0,0,0,0,0,0,0,0,0,0,0
sid-f23b7118-4f29-41e3-aff8-bd5139102824,36,19,18,15,2,46,1,0,0,0,0,0,2,0,0,0,0,0,0
sid-3c84954a-b676-45f4-8ee1-141e42b66f6e,16,8,8,0,1,15,1,0,0,1,0,0,0,0,0,0,0,0,1
sid-680e73a7-fca3-49d3-8808-5f099095a38f,6,3,3,1,2,7,1,0,0,0,1,3,0,4,0,0,0,0,0
sid-7a507286-bb0b-4008-8e75-8e17bb635ebc,18,9,9,1,4,18,1,0,0,3,0,0,0,0,0,0,1,0,0
sid-31fa0c62-aee9-44c4-9178-6fa8aaff261b,0,0,0,0,0,3,0,0,0,0,0,0,0,0,0,0,0,0,0
sid-ca3e32db-e881-4e51-8133-99285ca99d7c,14,6,0,0,0,0,0,1,0,0,0,0,0,0,0,0,0,0,0
sid-80d567b9-3d22-43d6-a7ec-b7761ac4c764,12,9,6,4,1,15,1,0,1,1,0,0,0,0,0,0,0,0,0
sid-adef520c-64d0-4ef2-926a-79c186e1c3e1,16,10,8,4,3,20,1,0,1,1,0,0,1,0,0,0,0,0,0
sid-106dc1f8-9c56-4ddc-85fd-0ff7dbd0977b,19,9,9,2,3,14,1,0,0,0,0,0,0,0,0,0,0,0,0
sid-eca40583-467f-4802-8071-0ac318c21542,44,23,21,4,5,33,1,0,0,2,0,0,0,0,0,0,0,0,0
sid-01d27519-68bf-4345-9b31-960cb66effe0,18,9,9,0,2,13,1,0,0,1,0,0,0,0,0,0,0,0,0
sid-b024fdb3-191b-4777-ac9e-d9a5d6e00adb,27,12,12,3,1,19,1,0,0,0,0,0,0,0,0,0,0,0,0
sid-259a39a2-c4a9-43fc-9cec-94248cc82004,2,1,1,0,1,2,1,0,0,0,0,0,0,0,0,0,0,0,0
sid-37df0f15-03f3-4c43-9f33-51d4552967d5,6,3,3,0,0,3,1,0,0,0,0,0,0,0,0,0,0,0,0
sid-e71f49c9-c27f-4166-8ad4-09ce62ba89c2,8,6,4,2,1,8,1,0,0,0,0,0,0,0,0,0,0,0,0
sid-9164daa8-a74a-47bc-9858-a563964b72f4,12,6,6,1,2,9,1,0,0,0,0,0,0,0,0,0,0,0,0
sid-293cfa31-d4b0-4457-910c-f1123a609e78,6,3,3,1,1,9,1,0,1,1,0,0,0,0,0,0,0,0,0
sid-22549f3f-d8d7-4b52-a1aa-734626277e93,12,7,6,0,2,12,1,0,1,1,0,0,0,1,0,0,0,0,0
sid-db276bf1-09de-4e35-96a2-b5864a50edc2,8,5,4,1,1,7,1,0,0,1,0,0,0,0,0,0,0,0,0
sid-2b1a8775-2b00-4c97-8724-986d0ce89aa3,50,20,20,5,1,41,1,0,0,0,2,0,7,0,0,0,0,0,0
sid-1c27d878-eda5-4e73-a6af-3bf977374508,12,6,5,2,1,8,0,0,0,0,0,0,0,0,0,0,0,0,0
sid-075c52a0-1beb-46e8-b56f-86f8ac755015,14,9,7,2,1,10,1,0,0,0,0,0,0,0,0,0,0,0,0
sid-59d4ed53-f05f-4bbf-a96e-13ec9136726b,12,7,6,2,0,8,0,0,0,0,0,0,0,0,0,0,0,0,0
sid-e6dd71ca-8a00-43fd-98f0-a71f1ac3e3cf,12,7,6,4,3,13,0,0,0,0,0,0,0,0,0,0,0,0,0
sid-8b18b572-6583-4914-81d2-f3193672000b,0,0,0,0,0,4,0,0,0,0,0,0,0,0,0,0,0,0,0
sid-bf2dbc75-4e76-4eb5-b220-e878d1228ce2,46,41,23,5,2,40,1,0,5,0,0,0,1,0,1,0,0,0,0
sid-5fb9da82-3146-471f-b362-d007b1eeba22,16,10,8,2,1,12,1,0,0,0,0,0,0,0,0,0,0,0,0
sid-579bb63a-2771-4ba3-bb00-60541bcd5b27,17,0,0,0,2,7,1,4,0,1,0,0,0,0,0,0,0,0,0
sid-e9710829-7fee-4715-b42a-e02beeec0880,10,8,5,4,1,12,1,0,0,0,0,0,0,0,0,0,0,0,0
sid-9d08b03c-0b00-4554-ae6d-2ed91f86f15f,12,6,5,1,1,9,1,1,0,0,0,0,0,0,0,0,0,0,0
sid-e085dd12-fbf5-4193-aeb8-ab8f3f6f0fb8,10,7,5,2,2,9,1,0,0,0,0,0,0,0,0,0,0,0,0
sid-7f11b8de-fe02-4c7a-818d-39b380658ecb,12,6,6,1,2,12,1,0,1,1,0,0,0,0,0,0,0,0,0
sid-a157ed8e-449c-414a-9971-0dd56e5c31d0,48,20,20,2,1,36,1,0,0,0,1,0,7,0,0,0,0,0,0
sid-c77c1ba4-cd47-432d-95ee-32159b206d55,18,10,9,2,2,14,1,0,0,0,0,0,0,0,0,0,0,0,0
sid-f8bcb046-3623-448e-be1b-9f7f71d08b93,14,9,7,2,0,13,1,0,0,0,0,0,0,0,2,0,0,0,0
sid-2d6889d8-062e-4090-9b01-8fb25028c170,6,6,3,1,1,6,1,0,0,0,0,0,0,0,0,0,0,0,0
sid-7b8892f9-23c6-4452-9a1d-ce21d7c6ca6f,16,10,8,4,3,21,1,0,1,1,0,0,1,0,0,0,0,0,0
sid-2b3038c1-d4fb-4881-b832-2387e9d79aba,16,12,8,1,2,12,1,0,0,1,0,0,0,0,0,0,0,0,0
sid-8503e18d-086b-4a16-beff-ed4b2da30067,13,8,6,2,2,12,1,0,0,1,0,0,0,0,0,0,0,0,0
sid-553882a0-9b10-46c2-a982-3d25345d3da4,16,8,8,3,1,14,1,0,0,0,2,2,0,0,0,0,0,0,0
sid-53a8e8ab-5a28-4532-a57c-18eb0c7ce1aa,14,8,7,2,2,14,1,0,0,2,0,0,0,0,0,0,0,0,0
sid-4df614b2-b8ff-49ae-ad28-7ccce53d556b,4,2,2,0,2,5,1,0,0,1,0,0,0,0,0,0,0,0,0
sid-d5732e26-aaee-40f5-a3a2-01f93dc8b7f2,8,6,4,0,1,8,1,0,1,1,0,0,0,0,0,0,0,0,0
sid-e3b9565f-2b20-4464-9562-1940a7aef4b6,2,1,1,0,0,1,1,0,0,0,0,0,0,0,0,0,0,0,0
sid-265e6084-a426-44fd-94f8-5297c8dbba85,8,5,4,1,0,4,0,0,0,0,0,0,0,0,0,0,0,0,0
sid-8989e70e-a19d-4cfa-ab24-62d3ff6350bd,10,6,5,1,1,8,1,0,0,0,0,0,0,0,0,0,0,0,0
sid-43759ceb-297d-45bc-be26-ca0fbe1005bf,14,8,7,4,1,14,1,0,0,0,0,0,0,0,0,0,0,0,0
sid-5d08ffd9-3b56-4aa4-94f3-7c42bcc96445,24,12,12,5,3,25,1,0,2,0,0,0,0,0,0,0,0,0,0
sid-bad6f201-d0b7-4c1e-bd0a-d78c92ba3510,10,6,4,0,0,7,1,1,0,1,0,0,0,0,0,0,0,0,0
sid-c0dfbbcc-392d-45e2-8a7b-f98d0ab30c48,15,8,7,1,1,14,1,0,2,1,0,0,0,0,0,0,0,0,0
sid-33c8dba2-33ac-466b-b9e1-aa2c7d74da41,8,4,4,1,1,7,1,0,0,0,0,0,0,0,0,0,0,0,0
sid-5bc7416c-dba6-44e8-8a2b-2d1ca75a6fa9,42,18,18,0,1,23,1,0,0,0,0,0,4,0,0,0,0,0,0
sid-d4c8d756-07f5-4f53-b9c1-e5841f44bd65,14,8,7,2,3,12,1,0,0,0,0,0,0,0,0,0,0,0,0
sid-d119eac3-3166-4b9d-a0d4-83aa110638a0,22,16,11,6,2,25,2,0,0,0,0,0,1,0,0,0,0,0,0
sid-eab13943-c17b-45ea-87f6-47b22e252ae3,22,9,0,0,0,0,0,1,0,0,0,0,0,0,0,0,0,0,0
sid-835df9bd-18a2-4bcf-a6ce-b8c817812695,8,6,4,2,2,9,1,0,0,0,0,0,0,0,0,0,0,0,0
sid-51b1d68b-9c48-4255-b1c3-21c53a15a39a,20,10,10,0,3,21,1,0,0,3,0,0,2,0,1,0,0,0,0
sid-aa396907-27b6-40aa-8108-a11754aea97b,14,8,7,2,1,12,1,0,0,0,0,0,0,0,0,0,0,0,0
sid-080ff6ce-924e-4e07-bfd8-58d81064f07d,6,0,0,0,0,0,0,3,0,0,0,0,0,0,0,0,0,0,0
sid-ddcaa3bf-b268-4c9f-98de-092311460d29,10,5,4,1,1,8,1,1,0,0,0,0,0,0,0,0,0,0,0
sid-c82bd280-b9a0-46ea-9795-42fcc570b547,4,2,2,0,1,6,1,0,0,0,0,0,2,0,0,0,0,0,0
sid-729fde80-4806-4bce-ba45-822dd31ce731,8,5,4,4,1,11,1,0,0,0,0,0,0,0,0,0,0,0,0
sid-db1fe3a1-1292-420f-821e-b98779a2caed,4,2,2,1,2,5,1,0,0,0,0,0,0,0,0,0,0,0,0
sid-d374a2e6-38c6-40e0-86f7-adb726924089,16,8,8,2,1,15,1,0,0,2,0,0,0,0,0,0,0,0,0
sid-8884dab2-f4b9-4e23-acd1-d28ccdb9c337,4,2,2,0,1,3,1,0,0,0,0,0,0,0,0,0,0,0,0
sid-b162b59f-4f7b-4052-81a9-b58f4b8649fe,12,7,6,1,1,9,1,0,0,0,0,0,0,0,0,0,0,0,0
sid-80c7083c-73ad-4a4a-bdcc-7a6bb26d1129,6,4,3,0,0,4,1,0,1,0,0,0,0,0,0,0,0,0,0
sid-d9161dd5-7db9-4395-b630-efee6630b2e2,8,4,4,2,2,11,1,0,1,1,0,0,0,0,0,0,0,0,0
sid-066fd018-ea41-408e-a465-7c059ef87b32,16,8,8,2,2,13,1,0,0,0,0,0,0,0,0,0,0,0,0
sid-ce4b0744-650e-436d-a5c0-ee95c98e3e70,42,33,21,12,2,48,1,0,5,0,0,0,0,0,0,0,0,0,0
sid-d7ae5b7b-7cb2-482b-bdf4-6f1f34cbf3d5,18,9,9,2,3,13,0,0,0,0,0,0,0,0,0,0,0,0,0
sid-b0f41948-338c-475a-b3bb-bc87116ae7ba,12,8,6,2,1,11,1,0,0,0,0,0,0,0,0,0,0,0,0
sid-f6f75c91-0ef6-4ff4-b1f0-6e4a8b52e614,4,4,2,0,1,6,1,0,0,0,0,0,2,0,0,0,0,0,0
sid-18e2b364-c8d8-4dc3-961b-33584078fbe7,21,8,7,0,1,10,1,2,0,0,0,0,0,0,0,0,0,0,0
sid-965eceeb-863d-486b-ab19-84fdfd039cbf,10,5,5,0,1,6,1,0,0,0,0,0,0,0,0,0,0,0,0
sid-37f6bdb5-b8bd-4d7f-af9e-396a0123f3fe,22,11,11,0,1,12,1,0,0,0,0,0,0,0,0,0,0,0,0
sid-b192f4af-5a21-4c09-b88d-93ef0ea5cf75,6,3,3,1,2,6,1,0,0,0,0,0,0,0,0,0,0,0,0
sid-e0cff846-e631-4657-9d55-ab4c98968cd7,10,7,5,4,1,12,1,0,0,0,1,1,0,0,0,0,0,0,0
sid-13615f48-d417-4ede-882f-98fc43122910,12,7,5,2,3,11,1,1,0,0,0,0,0,0,0,0,0,0,0
sid-4b41bb3c-1ed6-4c93-a349-05e17d876a0d,0,0,0,0,0,12,0,0,0,0,0,0,0,0,0,0,0,0,0
sid-018770bc-d819-4f16-b78a-07853313e686,12,5,5,0,0,7,0,0,0,0,0,0,2,0,0,0,0,0,0
sid-ea1a2d9f-ec47-4af7-b743-2f37039ceae6,16,10,8,4,3,21,1,0,1,1,0,0,1,0,0,0,0,0,0
sid-135b6b82-b23b-456a-8660-3809d055ea06,26,14,13,4,2,22,1,0,1,0,0,0,1,0,0,0,0,0,0
sid-9c5ded8f-d4e2-4108-a8c0-491376444823,10,5,5,0,2,8,1,0,0,1,0,0,0,0,0,0,0,0,0
sid-940f98fc-2e96-474e-868f-0178a0342279,10,8,5,1,1,11,1,0,0,0,0,0,2,0,0,0,0,0,0
sid-3bf3df58-f88d-4d0c-8ca1-6451eedaa778,22,11,11,3,4,23,1,0,1,1,0,0,2,0,0,0,0,0,0
sid-c1920542-87fc-4097-ad9f-5a8fc4209696,8,6,4,5,1,14,1,0,1,1,0,0,0,0,0,0,0,0,0
sid-ef221c79-6c7f-4f5b-8808-80c7977689f0,22,12,11,4,5,25,1,0,1,0,0,0,2,0,0,0,0,0,0
sid-c4be0c67-fc64-441e-a059-5b15d8aec67e,0,0,0,0,0,1,0,0,0,0,0,0,0,0,0,0,0,0,0
sid-d562f234-1b83-4cb9-aa6f-8a3b7fde0e41,12,8,6,1,1,9,1,0,0,0,0,0,0,0,0,0,0,0,0
sid-79535016-3cb4-46ad-9c8e-92abafb5e5e7,6,3,3,0,0,3,0,0,0,1,0,0,0,0,0,0,0,0,0
sid-99e7b306-8ddc-4f0e-932d-69859a931a65,2,1,1,0,0,0,0,0,0,0,0,0,0,0,0,0,0,0,0
sid-42926e29-6475-4009-bc41-61375eb1c566,36,18,18,4,3,46,1,0,10,4,0,0,0,0,0,0,0,0,0
sid-8f8aa494-bc2d-4e05-8610-9f981cf11838,54,38,27,21,3,75,1,0,10,0,0,0,2,0,0,0,0,0,0
sid-6f1a1867-6142-442a-88ce-a6b1bccc384a,16,10,8,4,3,22,1,0,1,1,0,0,2,0,0,0,0,0,0
sid-ae6b36b3-87d6-4536-96f2-f5a2769a928c,10,5,5,0,0,4,1,0,0,0,0,0,0,0,1,0,0,0,0
sid-b8fa98e7-d6c9-433d-8ef1-902cb8949bcc,28,12,10,4,6,29,3,3,1,1,0,0,2,0,0,0,0,0,0
sid-fdcade68-9565-456a-8d3f-659b55311bef,20,10,10,0,1,17,1,0,0,0,0,0,4,0,0,0,0,0,0
sid-d5788656-275b-4b88-a6ce-63ed680aca56,59,42,29,6,5,58,1,0,3,2,1,1,4,0,1,0,0,0,0
sid-854a3f3d-f96c-408d-bfca-df633859b2ef,24,14,11,4,4,22,1,1,0,0,0,0,1,0,0,0,0,0,0
sid-d9030f60-7289-47e9-bf79-18d1ab84adaf,21,9,9,0,2,15,1,1,0,2,0,0,0,0,0,0,0,0,0
sid-c7ca1671-5a86-41be-9bfb-560196d38b21,26,15,13,3,4,26,1,0,2,2,1,1,0,0,0,0,0,0,0
sid-6f0d7085-5994-4288-a8bd-801fc86a0fab,14,9,7,0,4,15,1,0,1,3,0,0,0,0,0,0,0,0,0
sid-e39d8081-84de-48ec-96be-1977b9442c7b,6,4,2,0,1,7,1,1,0,1,0,0,1,0,0,0,0,0,0
sid-cd9f116e-a460-4c81-81bb-b15c314e522f,14,3,2,0,0,1,0,1,0,0,0,0,0,0,0,0,0,0,0
sid-96f6f59a-a23c-4201-a58d-3da01bdc7a2c,10,7,5,0,1,6,1,0,0,0,1,0,0,0,0,0,0,0,0
sid-def008ae-ce32-460b-9a80-e86e9ed81930,12,9,6,3,2,12,1,0,0,0,0,0,0,0,0,0,0,0,0
sid-7ca135f9-721b-4dde-9965-02cc9ed92d85,8,6,4,0,1,8,1,0,1,1,0,0,0,0,0,0,0,0,0
sid-52bb1da4-c2ae-423c-b0ab-26d82b343a81,16,8,8,1,0,9,1,0,0,0,0,0,0,0,0,0,0,2,0
sid-2e74919b-c2d6-44d6-9596-5771ad85f314,8,4,4,4,1,11,1,0,0,0,0,0,0,0,0,0,0,0,0
sid-8e96ca19-8e4a-48b9-813f-d03c2144a8fc,15,7,7,1,0,8,1,0,0,0,0,0,0,0,0,0,0,0,0
sid-bbc5974a-d2cc-42ff-9b76-b736403528f2,22,11,11,0,1,19,1,0,0,0,0,0,4,0,0,0,0,0,0
sid-0d6d63ff-a888-46c1-8a54-c14e911d0d83,6,4,3,1,2,6,1,0,0,0,0,0,0,0,0,0,0,0,0
sid-7758b2b5-5e5d-4ea2-a00c-3756928bd98a,8,4,4,0,0,3,0,0,0,0,0,0,0,0,0,0,0,0,0
sid-a0fa4e1d-d7d5-49b3-80c0-146e35bffe6a,4,3,2,1,1,3,1,0,0,0,0,0,0,0,0,0,0,0,0
sid-f8de0bbf-52ee-4ad4-8479-046e6043e370,8,7,4,2,3,9,1,0,0,0,0,0,0,0,0,0,0,0,0
sid-6e58ced0-2b16-4c8b-8d8e-4c9916cab319,0,0,0,0,0,1,0,0,0,0,0,0,0,0,0,0,0,0,0
sid-5e1f691c-1a98-4d03-b0f8-e39708e069c9,26,13,13,2,2,19,1,0,0,0,0,0,0,0,0,0,0,0,0
sid-c733a120-4bee-454c-93e7-f67da6312c06,20,10,10,1,2,22,1,0,0,3,0,0,2,0,1,0,0,0,0
sid-bbec7de1-ed82-4d7a-81a3-f982e5b8e80d,10,6,5,4,2,15,1,0,1,1,0,0,0,0,0,0,0,0,0
sid-40ff8d9d-66c3-4f7e-a4dd-db25463b18c4,10,6,5,1,1,8,1,0,0,0,0,0,0,0,0,0,0,0,0
sid-670fb435-afe2-40f5-b90b-f76cf1d6e0bf,10,4,4,2,1,9,1,1,0,0,0,0,0,0,0,0,0,0,0
sid-a15606f9-a7c8-4e16-bb73-ecb1d73fc9b1,14,7,7,2,1,11,1,0,0,0,0,1,0,0,0,0,0,0,0
sid-ecdf41d6-f249-4f12-bd58-071882ca7735,2,1,1,0,0,0,0,0,0,0,0,0,0,0,0,0,0,0,0
sid-9a5976e6-4b00-416f-adb8-896aa1b79fd4,12,6,6,2,1,14,1,0,0,0,0,0,2,0,0,0,0,0,0
sid-e740fcaf-c7da-4bcf-9dc5-cfef0e4cdb5d,13,6,0,0,0,0,0,1,0,0,0,0,0,0,0,0,0,0,0
sid-4eb5004b-c49e-4526-a69d-f74786d1f9eb,10,5,5,6,1,16,1,0,0,1,1,1,0,0,0,0,0,0,0
sid-bb4eb01f-33ca-4dc1-8071-078084bb378c,28,15,14,2,2,29,1,0,3,4,0,0,0,0,0,0,0,0,0
sid-3671b301-367a-4a67-a107-c711715b848e,6,4,3,0,1,4,1,0,0,0,0,0,0,0,0,0,0,0,0
sid-9142195a-3a22-4e66-a167-dede28b64196,30,17,13,8,5,37,2,2,2,2,0,0,0,0,0,0,0,0,0
sid-a451ac4c-9f1c-4c6c-8bba-955fbad275cd,10,5,5,1,2,8,1,0,0,0,0,0,0,0,0,0,0,0,0
sid-e5e88a9a-0cee-46fa-b4fe-59d363721337,10,6,5,1,1,9,0,0,0,0,0,0,1,0,0,0,0,0,0
sid-9b39ba7e-8b63-4260-adf3-38821e08491a,4,1,1,0,0,0,0,0,0,0,0,0,0,0,0,0,0,0,0
sid-328a2509-2c20-498a-96e7-5cc2a7fa12c0,8,4,4,1,1,10,1,0,0,1,0,0,1,0,0,0,0,0,0