model,original_file,bpmn2:participant,bpmn2:messageFlow,bpmn2:startEvent,bpmn2:choreographyTask,bpmn2:sequenceFlow,bpmn2:endEvent,ns0:participant,ns0:messageFlow,ns0:startEvent,ns0:choreographyTask,ns0:endEvent,ns0:sequenceFlow,ns0:textAnnotation,ns0:association,ns0:intermediateCatchEvent,ns0:group,bpmn2:exclusiveGateway__unspecified,bpmn2:parallelGateway__unspecified,ns0:exclusiveGateway__Diverging,ns0:eventBasedGateway__Diverging,ns0:exclusiveGateway__Converging,ns0:parallelGateway__Diverging,ns0:parallelGateway__Converging
Choreography,_example.bpmn,3,4,1,4,11,1,0,0,0,0,0,0,0,0,0,0,2,2,0,0,0,0,0
sid_00931e22_a013_48e2_abaa_24359dc59979,0c0ac9331020458b98462609af30a68f.bpmn,0,0,0,0,0,0,12,6,1,6,1,11,0,0,0,0,0,0,2,0,0,0,0
sid_013a683b_d99f_4e2b_9a44_a2ab7b15edff,0de8e4ce21f44bee90f179e48cf1bb73.bpmn,0,0,0,0,0,0,8,8,1,4,1,5,0,0,0,0,0,0,0,0,0,0,0
sid_01d27519_68bf_4345_9b31_960cb66effe0,f718227fc3334dedbe51202bfcb198de.bpmn,0,0,0,0,0,0,18,9,1,9,1,13,0,0,0,0,0,0,0,1,0,0,0
sid_049985cd_4703_446d_9018_b094d2a6b682,0b2fda96d32744cb851bd7694ee84469.bpmn,0,0,0,0,0,0,14,8,1,7,1,12,0,0,0,0,0,0,0,2,0,0,0
sid_04d84a1d_db2d_455e_bc39_0d7a8eaa8f28,0e0b0b2756574f6b9a1c2b16800ca609.bpmn,0,0,0,0,0,0,10,5,1,5,1,8,0,0,0,0,0,0,1,0,0,0,0
sid_0536de2b_aa31_4e5c_9056_a8b841e5281d,2a4a450b763d4e7296ba17686ab79b82.bpmn,0,0,0,0,0,0,4,2,1,2,1,3,0,0,0,0,0,0,0,0,0,0,0
sid_066fd018_ea41_408e_a465_7c059ef87b32,fb31b3ebede04f3aa3651198f26cff45.bpmn,0,0,0,0,0,0,16,8,1,8,1,13,0,0,0,0,0,0,2,0,0,0,0
sid_06969fe5_fc2b_43e3_bc95_202bb6bac771,2dabe75c4fa24abe935fb4ec1c59bb83.bpmn,0,0,0,0,0,0,8,6,1,4,1,9,0,0,0,0,0,0,1,0,1,0,0
sid_0786fa46_44c3_4a36_a523_b1a497dacbfc,6e23032c2c7c4790bf089f85ffd4c01f.bpmn,0,0,0,0,0,0,18,8,1,8,1,12,0,0,0,0,0,0,0,0,0,1,1
sid_0d6d63ff_a888_46c1_8a54_c14e911d0d83,fdd6f2c18cc14b2db69a5a7fc97b2af5.bpmn,0,0,0,0,0,0,6,4,1,3,1,6,0,0,0,0,0,0,1,0,0,0,0
sid_0de8854f_07eb_4d06_8e49_148a373df43a,1d436167b9b74d0f8f9cdd5a5a58bb3e.bpmn,0,0,0,0,0,0,2,1,1,1,1,2,0,0,0,0,0,0,0,0,0,0,0
sid_106dc1f8_9c56_4ddc_85fd_0ff7dbd0977b,f694b2232bd84b0c96e4c2dfd078133d.bpmn,0,0,0,0,0,0,19,9,1,9,1,14,0,0,0,0,0,0,2,0,0,0,0
sid_11f0cab7_e752_4a13_a29e_8f10522dbf7c,1d554fddd6844954b13044a185084e8e.bpmn,0,0,0,0,0,0,6,4,1,3,1,4,0,0,0,0,0,0,0,0,0,0,0
sid_124c4d40_f511_4da2_89b9_e31e3d2a42c2,f4909d440bc743afbd914e242d47bc1f.bpmn,0,0,0,0,0,0,4,2,1,2,1,3,0,0,0,0,0,0,0,0,0,0,0
sid_149e0d98_2d57_4cee_bd14_110839248907,3e87737af2b242b499be3443fbade28f.bpmn,0,0,0,0,0,0,4,2,1,2,1,3,0,0,0,0,0,0,0,0,0,0,0
sid_17854d3c_f32e_48b0_ad92_84fdf99d92f7,6cbbaeacd39543268c47b95b1e290a8c.bpmn,0,0,0,0,0,0,20,10,1,10,1,16,0,0,0,0,0,0,2,0,1,0,0
sid_1822c7e8_cade_4df0_a6d8_f7f836656cd0,2d634d45664f4e9f8e1d18e4d4e83530.bpmn,0,0,0,0,0,0,28,14,1,14,1,21,0,0,0,0,0,0,1,0,1,1,1
sid_19396877_be94_440c_98de_2cc3f663a397,0d6867c00adf40409d243c6e818184f6.bpmn,0,0,0,0,0,0,8,6,1,4,1,8,0,0,0,0,0,0,1,0,1,0,0
sid_1aff29f9_0098_450b_8f30_defee765cb61,2c157f562e714b2b966413a3ee43e277.bpmn,0,0,0,0,0,0,20,10,1,10,1,13,0,0,0,0,0,0,1,0,0,0,0
sid_1b03dae4_1220_4194_a4ff_3d777cd79c1c,0b4394edaa09437d93cc54c78c0180cb.bpmn,0,0,0,0,0,0,10,5,1,5,1,9,0,0,0,0,0,0,0,0,0,1,1
sid_1b6a99e6_b701_40a6_8f04_86d715a76648,1c28e6b336804b66a0fc19828ce5e7fd.bpmn,0,0,0,0,0,0,10,6,1,5,1,12,1,1,0,0,0,0,2,0,2,0,0
sid_1e54f458_a99d_4967_baa4_929c6fb5c8af,0ba102e82f484407a4dbcb9bcafdd920.bpmn,0,0,0,0,0,0,30,15,1,15,1,25,0,0,0,0,0,0,3,0,1,0,0
sid_1fed0ca1_310c_45a8_80fb_ba1798f581c1,2c6d6fae1db74939a4c422240f0fdb2f.bpmn,0,0,0,0,0,0,8,4,1,4,1,8,0,0,0,0,0,0,1,0,0,0,0
sid_202caeea_22f7_4c00_ba13_a16aaf218b3d,1cd9e6e1682347088bd1393e7ce8642e.bpmn,0,0,0,0,0,0,12,6,1,6,1,7,1,0,0,0,0,0,0,0,0,0,0
sid_20e5e524_52ff_4837_b494_cf430e13e4da,1b545804750d405fa67eeed94ac09682.bpmn,0,0,0,0,0,0,32,16,1,16,1,21,0,0,0,0,0,0,2,0,0,0,0
sid_2151ec47_115d_430f_919f_546f5784f826,1bb2a28ca2324d88959fa10f6b68b478.bpmn,0,0,0,0,0,0,14,8,1,7,1,12,0,0,0,0,0,0,2,0,0,0,0
sid_2188fe63_e426_4264_b364_ad36b48d0cab,3ea601f337c045f1b8ab6bb2cff61de2.bpmn,0,0,0,0,0,0,18,11,1,9,1,12,0,0,0,0,0,0,0,1,0,0,0
sid_21aac2de_d691_4d66_8b8f_709c14cb84c4,4a56e521e6604bb2908bac432af4104a.bpmn,0,0,0,0,0,0,12,5,1,5,1,13,0,0,0,0,0,0,2,0,0,1,1
sid_2258986a_c790_4708_ae4e_8dc02b7d122d,4ccc3fd711004f519782ac92e58f6ddd.bpmn,0,0,0,0,0,0,6,3,1,3,1,6,0,0,0,0,0,0,1,0,0,0,0
sid_22d9bf83_763f_4e16_be84_3b1c3341f5eb,6b9c7933972a444b9b3ac1beb4efdcd5.bpmn,0,0,0,0,0,0,12,8,1,6,1,11,0,0,0,0,0,0,2,0,0,0,0
sid_22f8068f_fb74_4899_893d_d4c2e98fbf20,2d8ea038966a44ad8eb4d6a1cb0e57e4.bpmn,0,0,0,0,0,0,8,8,1,4,1,6,0,0,0,0,0,0,0,0,0,0,0
sid_232d5077_13ed_4b15_9d20_e2a901c3a32e,5b061adc268c4053bd49d2d8964f4fd2.bpmn,0,0,0,0,0,0,8,4,1,4,1,10,0,0,0,0,0,0,0,1,0,1,1
sid_23f57f48_3ab3_463a_9257_258dcb93ccdc,2e5ec71234a640ada306787d069898bb.bpmn,0,0,0,0,0,0,38,19,1,19,1,34,0,0,0,0,0,0,2,0,1,3,3
sid_24403868_0afe_4c5e_b685_e52ebb95451f,2b30b004d24946e9b758309c4cb08eb6.bpmn,0,0,0,0,0,0,8,5,1,4,1,5,0,0,0,0,0,0,0,0,0,0,0
sid_247ea4fc_3e88_490b_b08a_7ab4e87b915b,2b422b059a1241788c58618a41c77b9f.bpmn,0,0,0,0,0,0,10,8,1,5,1,11,0,0,0,0,0,0,1,0,0,1,1
sid_24949f80_f61f_4372_83d5_6a6139f7126e,03b20e2e21b54e4e9aab19ffc092307e.bpmn,0,0,0,0,0,0,14,9,1,7,1,10,0,0,0,0,0,0,0,1,0,0,0
sid_259a39a2_c4a9_43fc_9cec_94248cc82004,f741c61dd0e5477b91261c52d619b47e.bpmn,0,0,0,0,0,0,2,1,1,1,1,2,0,0,0,0,0,0,0,0,0,0,0
sid_25ac1cbf_f096_40c5_bd89_e80c5877c97c,3d226bdbb22c41c0be03af76c6c6799d.bpmn,0,0,0,0,0,0,4,2,1,2,1,3,0,0,0,0,0,0,0,0,0,0,0
sid_261c4cc8_8caa_46ad_856e_4baeaab98a5b,5cd973904da04df6b1b012a961560cee.bpmn,0,0,0,0,0,0,6,3,1,3,1,4,0,0,0,0,0,0,0,0,0,0,0
sid_2882648e_9398_4c7e_8b77_e4253bd88f8b,f165887e47604630bf388cd9dc6161e6.bpmn,0,0,0,0,0,0,10,6,1,5,1,6,0,0,0,0,0,0,0,0,0,0,0
sid_29427abb_da97_42b8_bb2e_9491f9cba406,f34c3b9243154366876ff995367579f6.bpmn,0,0,0,0,0,0,10,6,1,5,1,8,0,0,0,0,0,0,1,0,0,0,0
sid_2b6df585_b9c6_4f1c_a338_ee172a8f8e8b,1b1fee00eecb44739c36b7518f18cf97.bpmn,0,0,0,0,0,0,20,10,1,10,1,18,0,0,0,0,0,0,3,0,0,0,0
sid_2c3e9901_dd59_4292_a32a_d66611d73ffa,5b2c25c3a80943e68ad9a0bc9bcccde8.bpmn,0,0,0,0,0,0,10,8,1,5,1,8,0,0,0,0,0,0,1,0,0,0,0
sid_2c591827_8b1a_44df_9b65_7e81f4726aca,2fff6d1a8c5e413fa3ee64ea09c029ce.bpmn,0,0,0,0,0,0,13,7,1,6,1,12,0,0,0,0,0,0,1,1,1,0,0
sid_2c61ff7b_9ab6_4f18_8fb3_b0ee07063796,3a2939f25f0a4326b6e7ed8b2fab3b7e.bpmn,0,0,0,0,0,0,10,10,1,5,1,8,0,0,0,0,0,0,1,0,0,0,0
sid_2cf50df2_68c4_477e_b837_0e10d6d199d8,2ccbd15369414e85a8d022ddee057756.bpmn,0,0,0,0,0,0,18,9,1,9,1,10,0,0,0,0,0,0,0,0,0,0,0
sid_2d00d074_8092_4cc8_876c_38e30e93578e,1d23195f77f643379458c948e1d324c8.bpmn,0,0,0,0,0,0,6,3,1,3,1,8,0,0,0,0,0,0,1,0,0,0,1
sid_2d1e227a_58f3_4930_b164_447879c628b0,2b52be89a84c46d392c695c62da40dc4.bpmn,0,0,0,0,0,0,14,9,1,7,1,10,0,0,0,0,0,0,1,0,0,0,0
sid_2d6889d8_062e_4090_9b01_8fb25028c170,f8edd4eaa1564043a00483f7afc28fcb.bpmn,0,0,0,0,0,0,6,6,1,3,1,6,0,0,0,0,0,0,1,0,0,0,0
sid_2e74919b_c2d6_44d6_9596_5771ad85f314,fd965eb319654705a2607f74b303ded9.bpmn,0,0,0,0,0,0,8,4,1,4,1,11,0,0,0,0,0,0,2,0,2,0,0
sid_2e9428a6_0801_4e88_8210_c6bc2f1c40da,01e9c28ede6a4695b91dd90b3e0c5f1b.bpmn,0,0,0,0,0,0,20,13,1,10,1,15,0,0,0,0,0,0,2,0,0,0,0
sid_2f510300_f34c_405d_bc8e_017348d8fd93,3a4c6ec50a834b619a7f235e33ddb3e0.bpmn,0,0,0,0,0,0,4,2,1,2,1,3,0,0,0,0,0,0,0,0,0,0,0
sid_30f416f6_ab25_4c48_ba4a_bc9a2035c81e,6e92bd6efb68451f9d123ddb1ac4bfa7.bpmn,0,0,0,0,0,0,10,5,1,5,1,6,1,0,0,0,0,0,0,0,0,0,0
sid_325a1bff_a6cb_4a0f_97db_97d548f5e646,1cf2a259925a40a9a6ff2868942c8ca3.bpmn,0,0,0,0,0,0,6,5,1,3,1,4,0,0,0,0,0,0,0,0,0,0,0
sid_328a2509_2c20_498a_96e7_5cc2a7fa12c0,ffc028cfdcd24fb0b2a42b07f7d07335.bpmn,0,0,0,0,0,0,8,4,1,4,1,10,0,0,0,0,0,0,0,1,1,1,0
sid_32ebd244_789a_4034_845b_7909f514afae,0b21c69687b64d8886fb7cc5dc56ff6c.bpmn,0,0,0,0,0,0,24,20,1,12,1,18,0,0,0,0,0,0,1,0,0,1,1
sid_332fa8f0_81aa_45bb_b5be_3127302ed498,2d1b3dd6ccaf4f21bbade2837aadd7b5.bpmn,0,0,0,0,0,0,16,10,1,8,1,9,0,0,0,0,0,0,0,0,0,0,0
sid_3406c2ea_744f_4829_b96a_36cd98fa7c13,2b18c5f00a5a46159c6cb6a3e2bc79e9.bpmn,0,0,0,0,0,0,22,19,1,11,1,19,0,0,0,0,0,0,2,0,2,0,0
sid_3413b861_8a47_41d3_8daf_a1e81bd3e518,4d4d408c467544a0987a11030e1bcf05.bpmn,0,0,0,0,0,0,14,8,1,7,1,12,0,0,0,0,0,0,2,0,0,0,0
sid_358b40f6_533a_4871_9977_612ac09f0df0,6a3df18dcb5c4240a60a359acdec3379.bpmn,0,0,0,0,0,0,13,10,1,6,1,7,0,0,0,0,0,0,0,0,0,0,0
sid_35c756a2_9047_4830_87a6_242061afb964,1e4c9e627ed24d6786c9bcf5cbd9e327.bpmn,0,0,0,0,0,0,8,5,1,4,1,5,0,0,0,0,0,0,0,0,0,0,0
sid_3671b301_367a_4a67_a107_c711715b848e,ff5972358b514413beec4ec5b9bdd964.bpmn,0,0,0,0,0,0,6,4,1,3,1,4,0,0,0,0,0,0,0,0,0,0,0
sid_37477dbd_0017_4f9c_9f93_3441f05e35e0,2bece04aa4254721b5af3ce6d16a424a.bpmn,0,0,0,0,0,0,14,9,1,7,1,12,0,0,0,0,0,0,2,0,0,0,0
sid_3772a4c8_337f_4a64_a2fc_de2aebea6f5b,3d0f07f9b84c4e31bbca562f472c8885.bpmn,0,0,0,0,0,0,48,20,1,20,1,36,1,0,0,0,0,0,2,0,0,3,4
sid_377766cd_ef11_4ef6_9fd5_493a682ec2e5,5ffaf1cf779b45d0b6bdaa7a34001f2b.bpmn,0,0,0,0,0,0,16,9,1,8,1,15,0,0,0,0,0,0,2,0,2,0,0
sid_37f6bdb5_b8bd_4d7f_af9e_396a0123f3fe,fb94637911144e53a9174ad421ecf95a.bpmn,0,0,0,0,0,0,22,11,1,11,1,12,0,0,0,0,0,0,0,0,0,0,0
sid_3b5e1e61_6b14_4120_b06e_7436bebbcf78,6ce3d7f230414e899bb29f12d4502d18.bpmn,0,0,0,0,0,0,14,9,1,7,1,12,0,0,0,0,0,0,2,0,0,0,0
sid_3e07c84d_0ca6_4b3f_9118_1e9edc4f027c,2ae7f5fc1c2040a2b47544a71cd4349a.bpmn,0,0,0,0,0,0,14,8,1,7,1,12,0,0,0,0,0,0,2,0,0,0,0
sid_3e540bea_9ea2_4ddb_8cd0_a0b78c942efa,5f4c9bb37f884fc88afe51a5ef8200b9.bpmn,0,0,0,0,0,0,14,8,1,7,1,14,0,0,0,0,0,0,2,0,2,0,0
sid_401c962b_d385_4a39_8601_bc8c92fffc20,4dc86af23557446fae7d76ff3c86663e.bpmn,0,0,0,0,0,0,4,2,1,2,1,6,0,0,0,0,0,0,0,0,0,1,1
sid_405cf59a_c0ec_4aa1_b82d_8d496ea8d112,5de372bfbc1f443c9ff72d7e9f2393e6.bpmn,0,0,0,0,0,0,12,8,1,6,1,9,0,0,0,0,0,0,1,0,0,0,0
sid_40ff8d9d_66c3_4f7e_a4dd_db25463b18c4,feacab50ac1a4579a18e18c60c7b64bc.bpmn,0,0,0,0,0,0,10,6,1,5,1,8,0,0,0,0,0,0,1,0,0,0,0
sid_41ea7b61_d119_40f7_9bfd_827072d99edd,1ece2128536b4bf7bd4657508603b355.bpmn,0,0,0,0,0,0,22,15,1,11,1,20,0,0,0,0,0,0,1,3,0,0,0
sid_43759ceb_297d_45bc_be26_ca0fbe1005bf,f9aae718ff334b779d4925a3adecdb49.bpmn,0,0,0,0,0,0,14,8,1,7,1,14,0,0,0,0,0,0,2,0,2,0,0
sid_4403d60b_6072_427f_8914_d05f126ac4a4,1b3ba3a5261e41519943528ccc88fd29.bpmn,0,0,0,0,0,0,14,12,1,7,1,14,0,0,0,0,0,0,2,1,0,0,0
sid_456ee830_bc3c_4f84_8cf1_387f05f0eb06,1c273a0818b146269ac04f6b8d518698.bpmn,0,0,0,0,0,0,16,11,1,8,1,11,0,0,0,0,0,0,1,0,0,0,0
sid_48bc8f06_fc71_4dd2_b520_ae758d6acf82,0cad2ceffcad428aab5664a733b078e6.bpmn,0,0,0,0,0,0,24,14,1,12,1,17,0,0,0,0,0,0,2,0,0,0,0
sid_49750b77_ac60_4753_9546_7a2f420eb466,0b7d875d4fbc43d1acacca231152afb0.bpmn,0,0,0,0,0,0,14,8,1,7,1,14,0,0,0,0,0,0,2,0,2,0,0
sid_4a070cda_ba8f_4133_9dc4_b819d8069c3d,0a24353143084da9a5e68621912072ad.bpmn,0,0,0,0,0,0,14,7,1,7,1,11,0,0,0,0,0,0,0,0,0,1,1
sid_4a131a1b_ca7a_42b6_8b0f_f730e94ddad8,3fb59b22ca624300a2caf5857664b5df.bpmn,0,0,0,0,0,0,6,4,1,3,1,6,0,0,0,0,0,0,1,0,0,0,0
sid_4ba1809d_622c_4393_9969_d514f1fba8d1,4c0c71fe89044cd4b5f308177b1d03b4.bpmn,0,0,0,0,0,0,10,5,1,5,1,6,0,0,0,0,0,0,0,0,0,0,0
sid_4d7002e8_d91f_4c7c_a964_34a6b62cff72,6b175e35ca254467b4272c2042a3eeee.bpmn,0,0,0,0,0,0,6,3,1,3,1,6,0,0,0,0,0,0,1,0,0,0,0
sid_4e5446e8_0104_4716_a1a3_e21f008011b7,f341a0af3e5e4deca1bad13d8178808d.bpmn,0,0,0,0,0,0,8,8,1,4,1,11,0,0,0,0,0,0,2,0,2,0,0
sid_4f03bfac_6870_4951_8bba_a7e16355e589,2f0a98ab75d64fa983cfcf635aeae433.bpmn,0,0,0,0,0,0,22,11,1,11,1,19,0,0,0,0,0,0,2,0,2,0,0
sid_5015db90_2cd3_4900_9985_94fd0de5740c,5a79274aaf524b56bf5ba539c144888d.bpmn,0,0,0,0,0,0,8,5,1,4,1,5,0,0,0,0,0,0,0,0,0,0,0
sid_50c4692c_8034_46db_b375_03a1e2504d0f,f31d9fc1287b4c709804f338eb3286e6.bpmn,0,0,0,0,0,0,18,10,1,9,1,16,0,0,0,0,0,0,3,0,0,0,0
sid_50fdb75e_4f74_4806_84e0_861811d72a59,1b5c3cd35410488ebbe9752fd08b6483.bpmn,0,0,0,0,0,0,20,11,1,10,1,13,0,0,0,0,0,0,1,0,0,0,0
sid_51318cd8_87de_43eb_ae12_53a8722ff3e8,0f41ca6e9a254552aee49cd0d8d3129b.bpmn,0,0,0,0,0,0,14,7,1,7,1,10,0,0,0,0,0,0,1,0,0,0,0
sid_515646ac_9fe2_4821_b8bb_6221cf995228,6ba8d692370245fc8d503594a94aed31.bpmn,0,0,0,0,0,0,6,3,1,3,1,6,0,0,0,0,0,0,1,0,0,0,0
sid_51ce2cc1_ec9c_49a8_900b_62d5dea1183a,1ce42cf79f3e4c3e9c1129c9145a9c75.bpmn,0,0,0,0,0,0,4,3,1,2,1,3,0,0,0,0,0,0,0,0,0,0,0
sid_529fb700_2c71_4e92_ade0_78e677ee2f52,f227b41c9a064e7c8ea1b54eb1df9734.bpmn,0,0,0,0,0,0,14,9,1,7,1,14,0,0,0,0,0,0,2,0,2,0,0
sid_557f4eb2_983e_4437_920c_83a9b5920c84,4a2f675de6064ca0868c96c95522b8ec.bpmn,0,0,0,0,0,0,6,3,1,3,1,4,0,0,0,0,0,0,0,0,0,0,0
sid_55e03d8a_7ec7_4221_a353_afe03bfcd155,4fba0078103d44d9846d4fbec51710cb.bpmn,0,0,0,0,0,0,14,7,1,7,1,20,0,0,0,0,0,0,6,0,0,0,0
sid_57deb9e0_f5ba_4380_a35e_0656d288167a,1f1b01e0a85340689b6df314b32bb4b6.bpmn,0,0,0,0,0,0,48,24,1,24,1,41,0,0,0,0,0,0,7,0,0,1,0
sid_5823deaf_f759_45fe_9cab_90ce484355cd,04da54e7c0e846ef99ced3e27c68650d.bpmn,0,0,0,0,0,0,12,6,1,6,1,13,0,0,0,0,0,0,0,2,1,0,0
sid_582cea88_8725_425b_9254_28565e92cea7,2cbf1748824047488a865dddad084390.bpmn,0,0,0,0,0,0,10,5,1,5,1,11,0,0,0,0,0,0,2,0,1,0,0
sid_58485904_a81a_4272_b538_07f8d1088ece,1dccc40d34ef40f9b36123e2fbca1a63.bpmn,0,0,0,0,0,0,26,18,1,13,1,14,0,0,0,0,0,0,0,0,0,0,0
sid_587b855e_e0fe_469a_98d4_8f7c3f2307d4,1c39124a3f10408e9b45639c1c042949.bpmn,0,0,0,0,0,0,6,3,1,3,1,8,0,0,0,0,0,0,0,0,0,1,1
sid_592364d0_3782_4d34_bcb3_5a37f16f70e4,5a8e825c3a9a4049b67ab53c2ba7abc8.bpmn,0,0,0,0,0,0,20,16,1,10,1,24,0,0,0,0,0,0,5,0,0,1,1
sid_5ab5694d_5515_4230_b9bb_b4a7e539bca1,f36ac5e91c5742759c6138f1ec8176a5.bpmn,0,0,0,0,0,0,16,8,1,8,1,13,0,0,0,0,0,0,1,0,1,0,0
sid_5aefb762_fb87_4c5e_96a2_1e48284acd78,0beae7f82e4f4f03a8d05e1483a6f865.bpmn,0,0,0,0,0,0,18,9,1,9,1,17,0,0,0,0,0,0,2,0,0,1,1
sid_5c5aebf3_c771_4ce1_9deb_0eb3d7289d01,4ddf7fe375a341d29a45fdf3631270dc.bpmn,0,0,0,0,0,0,18,11,1,9,1,19,0,0,0,0,0,0,3,0,0,1,1
sid_5cb5aedb_f75b_499c_b997_e2da478d7d13,3e37af0f876544f5ac5a859f9a006344.bpmn,0,0,0,0,0,0,12,7,1,6,1,9,0,0,0,0,0,0,1,0,0,0,0
sid_5e1f691c_1a98_4d03_b0f8_e39708e069c9,fe798eb02aa94c8e9487b246a2a97a25.bpmn,0,0,0,0,0,0,26,13,1,13,1,19,0,0,0,0,0,0,2,0,0,0,0
sid_5fb9da82_3146_471f_b362_d007b1eeba22,f8239b827d9a4e989e6cc4601df60508.bpmn,0,0,0,0,0,0,16,10,1,8,1,12,0,0,0,0,0,0,1,0,1,0,0
sid_628f8db4_6e66_4dbc_bf51_0a06087845fd,1ad939eef40c461dafae27f75a0586d3.bpmn,0,0,0,0,0,0,8,5,1,4,1,8,0,0,0,0,0,0,0,1,1,0,0
sid_62c28843_b184_41e1_a25f_91408775a5b3,5dd78b7c56554698b42816141091b0f7.bpmn,0,0,0,0,0,0,30,16,1,15,1,23,0,0,0,0,0,0,2,0,2,0,0
sid_640bbb71_018f_49b9_b1bf_87ab98bd4f71,4b73abe096734c9893dff2531d048cbb.bpmn,0,0,0,0,0,0,24,12,1,12,1,13,0,0,0,0,0,0,0,0,0,0,0
sid_6464baf1_e9c8_4917_8881_c3036e949acd,1bec56f705414197923d887796abba10.bpmn,0,0,0,0,0,0,6,3,1,3,1,4,0,0,0,0,0,0,0,0,0,0,0
sid_64d48248_beb0_44b7_b11c_2ebbbb39c1ce,2ca635b5d7b74f8aa52d58950eb20fb1.bpmn,0,0,0,0,0,0,4,2,1,2,1,3,0,0,0,0,0,0,0,0,0,0,0
sid_66a09203_676f_496c_8fec_69bcd288b82f,3b697ccbd0074f6cb593577b365a082c.bpmn,0,0,0,0,0,0,15,6,1,6,1,12,0,0,0,0,0,0,1,0,0,1,1
sid_674da579_dcef_4775_b703_35d246b67bce,01fae806760b424bbb183a734ff22f60.bpmn,0,0,0,0,0,0,6,6,1,3,1,4,0,0,0,0,0,0,0,0,0,0,0
sid_6786d958_8dc5_4a92_997d_dd34c15b6e3f,2ce9c5a3d4f149bebd3c68c0adb1845d.bpmn,0,0,0,0,0,0,10,6,1,5,1,9,0,0,0,0,0,0,1,0,1,0,0
sid_688a7c40_4690_4e91_bd88_bc9d336dfaed,1eacce05c4f948d9a0c0c2b46e94e2ec.bpmn,0,0,0,0,0,0,16,10,1,8,1,11,0,0,0,0,0,0,1,0,0,0,0
sid_68c08511_18b3_4ed8_8fb3_627b38a129d8,6cd597703254420083297b11d825e8bb.bpmn,0,0,0,0,0,0,8,8,1,4,1,7,0,0,0,0,0,0,1,0,0,0,0
sid_690c0598_bdb0_4f87_8de2_12b2e7c0eae0,5d096bada838458dbfe02528bd852398.bpmn,0,0,0,0,0,0,2,1,1,1,1,2,0,0,0,0,0,0,0,0,0,0,0
sid_6aff5cab_5e98_4188_a1ac_32801e4463a1,1af04f24101f40f7ae51b7195ffb6882.bpmn,0,0,0,0,0,0,14,8,1,7,1,12,0,0,0,0,0,0,0,2,0,0,0
sid_6b323bd8_bd02_4a8e_ac47_3f51858d5806,5fd1eb21a30145d3afc702b148ec3c29.bpmn,0,0,0,0,0,0,6,3,1,3,1,4,0,0,0,0,0,0,0,0,0,0,0
sid_6c6c5ad5_a170_4bf6_85d1_ef3132929245,3d1476d2e7d84c08a0b7481c5bdb294f.bpmn,0,0,0,0,0,0,14,8,1,7,1,14,0,0,0,0,0,0,2,0,2,0,0
sid_6d260292_7883_4a6d_9402_793e2e0374e2,4f9bdb6d6d0540878c816329a3443f62.bpmn,0,0,0,0,0,0,8,6,1,4,1,7,0,0,0,0,0,0,1,0,0,0,0
sid_6e59bf13_7bb4_4527_9f5a_029f235f43bd,3a293c60f74642e58aa8cfb598fb4d4e.bpmn,0,0,0,0,0,0,10,6,1,5,1,8,0,0,0,0,0,0,1,0,0,0,0
sid_6e81d4b9_59ec_437c_868d_b606aa491473,06d6ce2a81684b9489dce4036e835213.bpmn,0,0,0,0,0,0,8,8,1,4,1,7,0,0,0,0,0,0,1,0,0,0,0
sid_6f106151_3fbf_49f3_b4f1_dbddb5207068,0f45998df0b84280bc1fd97710cabedd.bpmn,0,0,0,0,0,0,6,4,1,3,1,6,0,0,0,0,0,0,1,0,0,0,0
sid_6f4dce54_8f2e_4ec9_97ee_87509fdc7576,5bbc558d31f2491d8db2f023bbaa6163.bpmn,0,0,0,0,0,0,8,5,1,4,1,5,0,0,0,0,0,0,0,0,0,0,0
sid_71125e05_334a_4cd3_b125_0827d784ee38,5e3e83814a304415b387d91e3dca11f1.bpmn,0,0,0,0,0,0,4,2,1,2,1,3,0,0,0,0,0,0,0,0,0,0,0
sid_729fde80_4806_4bce_ba45_822dd31ce731,fadb5a041ce348769b5762931828a240.bpmn,0,0,0,0,0,0,8,5,1,4,1,11,0,0,0,0,0,0,2,0,2,0,0
sid_72d6d5f6_e1bd_405d_a230_0fa6c54b6319,f38403ed0beb45f285ec3975aa0c6096.bpmn,0,0,0,0,0,0,8,4,1,4,1,12,0,0,0,0,0,0,1,0,1,1,1
sid_7502f5f2_4250_4d09_a194_2d7312b7bc1b,4f969c394bc0479da3fa0c2342ca80ad.bpmn,0,0,0,0,0,0,14,8,1,7,1,12,0,0,0,0,0,0,2,0,0,0,0
sid_7587b36b_ea62_4f16_9d3a_a151fb21e145,2f362cad9430480c9c054a29eb71ae07.bpmn,0,0,0,0,0,0,14,8,1,7,1,12,0,0,0,0,0,0,0,2,0,0,0
sid_79c8949d_d7a1_4b48_a6a2_9dad70fa8c41,6b2a92fac08440d4bc780c9f3ada4101.bpmn,0,0,0,0,0,0,4,2,1,2,1,3,0,0,0,0,0,0,0,0,0,0,0
sid_7a6c7274_4eff_42d4_9e55_ea2793b0259b,2d659bc79f6d49d4ac903eaf1c21987b.bpmn,0,0,0,0,0,0,6,3,1,3,1,6,0,0,0,0,0,0,1,0,0,0,0
sid_7b20b02d_760a_4149_9bb6_1c8f5e79ac3b,4ce39a698aae4ff9855b79a17ed5bdfb.bpmn,0,0,0,0,0,0,13,8,1,6,1,10,0,0,0,0,0,0,0,0,0,1,1
sid_7b255b54_365e_47e7_b1cd_4d691b88ac62,6e8e145a4f51488c81c0c89e863a27fa.bpmn,0,0,0,0,0,0,14,13,1,7,1,10,0,0,0,0,0,0,1,0,0,0,0
sid_7be888e4_d336_4ea1_b34d_c33cc0305a62,2c7dd024a2b24880b562cbfb68474512.bpmn,0,0,0,0,0,0,16,9,1,8,1,13,0,0,0,0,0,0,1,1,0,0,0
sid_7c94b3cf_1690_4cd3_849d_70ab08e4a3be,05a3683795bc4282b6e157a3a744fcce.bpmn,0,0,0,0,0,0,8,7,1,4,1,5,0,0,0,0,0,0,0,0,0,0,0
sid_7dd609da_b461_4317_8d21_aa67f3d3c43c,1e0f7fabb2b94a468f6e64d934717858.bpmn,0,0,0,0,0,0,10,8,1,5,1,8,0,0,0,0,0,0,1,0,0,0,0
sid_7e6c8e81_8977_4cbd_818d_dec74bfc816b,4ac969819d6749d495c4f3be5f4745de.bpmn,0,0,0,0,0,0,20,15,1,10,1,18,0,0,0,0,0,0,3,0,1,0,0
sid_8004bd7c_dedf_4795_9980_368ee2f0a007,f05420c737de45d89540ae112a6dc93e.bpmn,0,0,0,0,0,0,4,2,1,2,1,3,0,0,0,0,0,0,0,0,0,0,0
sid_802c863c_4e9f_4fd4_91a3_c6441402a47b,5ec8fe04a98a40fdb69467ea0b0aa47b.bpmn,0,0,0,0,0,0,12,5,1,5,1,13,0,0,0,0,0,0,2,0,0,1,1
sid_82666824_6d65_4fd7_a2a7_23d4a9ca9394,2fab86e83939480f8cdb7f9afea5d6b3.bpmn,0,0,0,0,0,0,16,10,1,8,1,12,0,0,0,0,0,0,0,1,0,0,0
sid_848b09bf_d759_44bc_8a4b_954dff55e26c,3e87bff76c59436aac97c4822d7f1f29.bpmn,0,0,0,0,0,0,16,13,1,8,1,11,0,0,0,0,0,0,1,0,0,0,0
sid_851063b9_154a_464d_b0b2_3807e7b88a30,5e28cae721544ea5b7c2e907de6f4ebb.bpmn,0,0,0,0,0,0,4,2,1,2,1,5,0,0,0,0,0,0,0,1,0,0,0
sid_85f5fbc7_3837_460c_a212_faa2537a2c4b,00e7f4e71db14391b07bc1dab2b5216d.bpmn,0,0,0,0,0,0,10,6,1,5,1,8,0,0,0,0,0,0,1,0,0,0,0
sid_86c5d54c_ad13_4057_a0ea_c9c49202950f,3deef18e894749bfbd1d968edbeccc0e.bpmn,0,0,0,0,0,0,24,12,1,12,1,20,0,0,0,0,0,0,3,0,1,0,0
sid_86d8a78f_54c4_423d_92e1_edf43db849dc,3c08e52742754da6a4065fc5787131dc.bpmn,0,0,0,0,0,0,22,19,1,11,1,20,0,0,0,0,0,0,1,3,0,0,0
sid_8726689a_7f10_4da4_b4d3_bbf11e009b4d,0a54960437b94c678bf972f1df62eb9a.bpmn,0,0,0,0,0,0,28,14,1,14,1,22,0,0,0,0,0,0,3,0,1,0,0
sid_88293469_052e_470a_8173_02d567128fb8,1cffd4fd2cc54da2ac2ea566df4ab83e.bpmn,0,0,0,0,0,0,12,8,1,6,1,11,0,0,0,0,0,0,2,0,0,0,0
sid_8854ac45_7987_45c7_ac8a_380786a32df8,6c49a4d5db264f319eb8eea86c50e0ab.bpmn,0,0,0,0,0,0,16,8,1,8,1,11,0,0,0,0,0,0,1,0,0,0,0
sid_885f8791_67f7_435c_a1c1_fa3060464095,03ffea8578914ee189c7952e8216ab04.bpmn,0,0,0,0,0,0,14,8,1,7,1,12,0,0,0,0,0,0,2,0,0,0,0
sid_8884dab2_f4b9_4e23_acd1_d28ccdb9c337,fb0e7c85e70e4effa1b7975401f34234.bpmn,0,0,0,0,0,0,4,2,1,2,1,3,0,0,0,0,0,0,0,0,0,0,0
sid_8cf04aa5_ed38_43f8_a628_7e211cc2f882,1dc1da412b06438087c6d170d6422878.bpmn,0,0,0,0,0,0,8,4,1,4,1,8,0,0,0,0,0,0,1,0,1,0,0
sid_8d71145a_1d8c_4675_954c_783d2f183af1,4d7477cd32f3435ebc490d73b59b5deb.bpmn,0,0,0,0,0,0,12,7,1,6,1,18,0,0,0,0,0,0,4,0,3,0,0
sid_8ed001c7_2c3a_442f_b77a_96af0aa2ae3c,2ff738f131014b01a602f00c1ba97130.bpmn,0,0,0,0,0,0,14,12,1,7,1,10,0,0,0,0,0,0,0,1,0,0,0
sid_8fa161ac_b189_4cd4_a56c_f60e324a593e,3fc881ff34624994addceb80e45bc00d.bpmn,0,0,0,0,0,0,14,8,1,7,1,14,0,0,0,0,0,0,2,0,2,0,0
sid_9090568f_de99_428e_a30d_f93a0cbf7f22,6af356bd319846b9a07f2da6762efdbe.bpmn,0,0,0,0,0,0,8,6,1,4,1,5,0,0,0,0,0,0,0,0,0,0,0
sid_9164daa8_a74a_47bc_9858_a563964b72f4,f75406947a15430dbd794b70c7702a07.bpmn,0,0,0,0,0,0,12,6,1,6,1,9,0,0,0,0,0,0,1,0,0,0,0
sid_91ed8716_8207_4dc4_99bb_433f5d64772a,f128ab3c15bf4686b4982637eb91a6b3.bpmn,0,0,0,0,0,0,8,7,1,4,1,5,0,0,0,0,0,0,0,0,0,0,0
sid_923a2bb4_1051_4f29_87dd_6e5b375e9683,0eda0d217f0d4c8589ccf6098495fb5d.bpmn,0,0,0,0,0,0,12,6,1,6,1,9,0,0,0,0,0,0,1,0,0,0,0
sid_926e6635_4ca0_494a_9be5_5ebe28fa8c6d,sid_926e6635_4ca0_494a_9be5_5ebe28fa8c6d.bpmn,0,0,0,0,0,0,4,2,1,2,1,5,0,0,0,0,0,0,0,0,0,1,0
sid_9294e24a_8bf7_4def_957c_4297ef273ffc,0aa8f99aaed7430ca22773acea379149.bpmn,0,0,0,0,0,0,16,12,1,8,1,13,0,0,0,0,0,0,1,0,1,0,0
sid_940f98fc_2e96_474e_868f_0178a0342279,fc47d59672ad438dbd68ec1a936b76ed.bpmn,0,0,0,0,0,0,10,8,1,5,1,11,0,0,0,0,0,0,1,0,0,1,1
sid_95718e84_e21c_4852_8383_b8aa8c8c4073,0c075f92f55b427aa4481e222b76d3e8.bpmn,0,0,0,0,0,0,2,1,1,1,1,2,0,0,0,0,0,0,0,0,0,0,0
sid_965eceeb_863d_486b_ab19_84fdfd039cbf,fb7deba8fa4f4997ab72115c60fa2f36.bpmn,0,0,0,0,0,0,10,5,1,5,1,6,0,0,0,0,0,0,0,0,0,0,0
sid_96a8a28e_ea74_4210_9056_b0b25f0c593b,0a694a5da6b84227b8ed1efa0b030115.bpmn,0,0,0,0,0,0,6,3,1,3,1,4,0,0,0,0,0,0,0,0,0,0,0
sid_96f6f59a_a23c_4201_a58d_3da01bdc7a2c,fd78e45759e54c2e893a10923bd8a889.bpmn,0,0,0,0,0,0,10,7,1,5,1,6,1,0,0,0,0,0,0,0,0,0,0
sid_990bc4a3_c900_4821_864e_cef466b15e3e,2fbef9fde00947c8acee5262d65f7b84.bpmn,0,0,0,0,0,0,16,9,1,8,1,11,0,0,0,0,0,0,1,0,0,0,0
sid_9a5976e6_4b00_416f_adb8_896aa1b79fd4,ff1ebc2c67464fdc99c9c261f3991460.bpmn,0,0,0,0,0,0,12,6,1,6,1,14,0,0,0,0,0,0,1,0,1,1,1
sid_9ad64969_60c2_43c3_9b9e_05ffbbfd375c,3d0b287d1788439dbc5a3f896657e519.bpmn,0,0,0,0,0,0,2,1,1,1,1,2,0,0,0,0,0,0,0,0,0,0,0
sid_9b93df38_4cf7_4b31_b005_bdef4b16c929,1abdf15fd6cb483ba01f91df2aa9a23b.bpmn,0,0,0,0,0,0,14,11,1,7,1,10,0,0,0,0,0,0,1,0,0,0,0
sid_9c37ce5d_c6a6_4081_8038_fecc320c4ae5,6bc3b0db357146389234722a2be5e997.bpmn,0,0,0,0,0,0,6,3,1,3,1,4,0,0,0,0,0,0,0,0,0,0,0
sid_9c5ded8f_d4e2_4108_a8c0_491376444823,fc33b730b57a497ab8945d205cd9083e.bpmn,0,0,0,0,0,0,10,5,1,5,1,8,0,0,0,0,0,0,0,1,0,0,0
sid_9c7ac309_082b_476a_9da8_b1e0942c6968,3be653f2d15b459389bf03d85dd3ae5b.bpmn,0,0,0,0,0,0,10,7,1,5,1,8,0,0,0,0,0,0,1,0,0,0,0
sid_9db7ba6e_45db_4b20_9a26_87596f72f2af,f29926934d5e494288329d06ced3ca90.bpmn,0,0,0,0,0,0,8,5,1,4,1,9,0,0,0,0,0,0,2,0,0,0,0
sid_9e40e37a_5f61_4128_8b4b_72e860a0e6d5,1fddd6c1c4df4f42a1b4cf72c7da3387.bpmn,0,0,0,0,0,0,8,4,1,4,1,7,0,0,0,0,0,0,1,0,0,0,0
sid_9f1baa6b_3120_4b80_a997_c90b03aee22b,5d2d4013efff4f2382bb8dfc2eb4a129.bpmn,0,0,0,0,0,0,18,12,1,9,1,14,0,0,0,0,0,0,1,1,0,0,0
sid_9ff5399d_2509_4d12_adb5_0fbb04060a5f,5b25659e221c420181f289b6887b1ec1.bpmn,0,0,0,0,0,0,12,8,1,6,1,11,0,0,0,0,0,0,2,0,0,0,0
sid_a00b0462_4ff5_4e14_9207_23ebd44452ef,0e2ebd2eaa19457ea8d6809c5d12bb49.bpmn,0,0,0,0,0,0,12,8,1,6,1,11,0,0,0,0,0,0,2,0,0,0,0
sid_a056cead_b17c_4c35_a48f_be2eaf273826,0b10a7172bef497ab4d77629b533c326.bpmn,0,0,0,0,0,0,16,9,1,8,1,13,0,0,0,0,0,0,1,0,1,0,0
sid_a0a6bc07_66a5_4c5b_8cb4_e810e986932c,f31f64efa38040b28bfb63d52c0dd38e.bpmn,0,0,0,0,0,0,14,9,1,7,1,10,0,1,0,0,0,0,1,0,0,0,0
sid_a128c562_b6ff_4762_86ad_3db757b3baa8,5fad1cde52e243bc8797a096bc012bf5.bpmn,0,0,0,0,0,0,19,9,1,9,1,17,0,0,0,0,0,0,1,0,1,1,1
sid_a148af1f_545d_478f_bac9_9fdfc29eecc3,2e6123e251ef4b2cb15f5c4da5ad38bb.bpmn,0,0,0,0,0,0,16,8,1,8,1,12,0,0,0,0,0,0,1,0,1,0,0
sid_a157ed8e_449c_414a_9971_0dd56e5c31d0,f88e1ec76baa4a5ab433c4e74523ccee.bpmn,0,0,0,0,0,0,48,20,1,20,1,36,1,0,0,0,0,0,2,0,0,3,4
sid_a3c861e3_72c1_49c6_b1cc_e5a9a8c1e972,4dd2aba715a24c009052f5288c1483e0.bpmn,0,0,0,0,0,0,4,2,1,2,1,5,0,0,0,0,0,0,0,1,0,0,0
sid_a451ac4c_9f1c_4c6c_8bba_955fbad275cd,ff99276a54bc4965ad8998b9614d1a4b.bpmn,0,0,0,0,0,0,10,5,1,5,1,8,0,0,0,0,0,0,1,0,0,0,0
sid_a4984eee_ed99_4d91_a6eb_e6e4f30cc6dd,0d2b3781defb4d8d8cb21c586966dbfc.bpmn,0,0,0,0,0,0,6,6,1,3,1,4,0,0,0,0,0,0,0,0,0,0,0
sid_a91555f6_d70d_4c6b_b0ad_d70ef853da6e,2d225c9ff86b443c9f6bc6cfe687afbc.bpmn,0,0,0,0,0,0,36,27,1,18,1,34,0,0,0,0,0,0,6,0,3,0,0
sid_a9d070e4_8c5c_429e_971e_e2a088deef78,3e8454e9c46745d8adac9dd8ab91bbf4.bpmn,0,0,0,0,0,0,20,10,1,10,1,17,0,0,0,0,0,0,0,0,0,2,2
sid_aa396907_27b6_40aa_8108_a11754aea97b,fa79038731864edda4397e2359799390.bpmn,0,0,0,0,0,0,14,8,1,7,1,12,0,0,0,0,0,0,2,0,0,0,0
sid_ada0803f_c971_4515_b8ef_7eaa0031c4f9,f18670b6be5c430293a7ddf777a37d30.bpmn,0,0,0,0,0,0,6,3,1,3,1,6,2,0,0,0,0,0,1,0,0,0,0
sid_ae6d78b5_58ad_41de_9063_b2bc70e1543f,2cefcadfaefb4a30b003a5e94e382640.bpmn,0,0,0,0,0,0,12,8,1,6,1,13,0,0,0,0,0,0,2,0,2,0,0
sid_af3f3f1d_50a2_4548_929f_070c2e5865b3,3d9b3b0a8578417a870c36b58886cb14.bpmn,0,0,0,0,0,0,5,2,1,2,1,5,0,0,0,0,0,0,1,0,0,0,0
sid_af6aa62d_6560_44f0_bbbc_66fc174549b6,0f7552b1ed64463686e6ffb083a55824.bpmn,0,0,0,0,0,0,16,8,1,8,1,15,0,0,0,0,0,0,3,0,0,0,0
sid_b0f41948_338c_475a_b3bb_bc87116ae7ba,fb6016b8f2cb484cad938e21a57f573f.bpmn,0,0,0,0,0,0,12,8,1,6,1,11,0,0,0,0,0,0,2,0,0,0,0
sid_b0fc5cfb_f887_49c9_ad2b_fc17044dd0ff,3e779e3dc9e444d39003cf5f4a0a8d40.bpmn,0,0,0,0,0,0,2,1,1,1,1,2,0,0,0,0,0,0,0,0,0,0,0
sid_b192f4af_5a21_4c09_b88d_93ef0ea5cf75,fb9c8c4e66eb470a86d21bd986d1a14c.bpmn,0,0,0,0,0,0,6,3,1,3,1,6,0,0,0,0,0,0,1,0,0,0,0
sid_b1b5292a_d9da_4b33_92b9_967af29b8264,2c1f050152ec4fcdb95a5f5f646caf8d.bpmn,0,0,0,0,0,0,12,9,1,6,1,11,0,0,0,0,0,0,2,0,0,0,0
sid_b68958b7_5b3c_4598_8be5_0b2c6b878d70,f3280dde41884e8cb3865bf8b7d9b8ae.bpmn,0,0,0,0,0,0,18,9,1,9,1,14,2,2,0,0,0,0,2,0,0,0,0
sid_b7b36685_2b15_4bc0_8853_27012da21b61,1cd93309017949fdbebf0f7d7ea50b4a.bpmn,0,0,0,0,0,0,26,22,1,13,1,23,0,0,0,0,0,0,1,2,0,0,0
sid_b8594f54_92d0_42b7_9d23_1e4f63e67f8f,f3336cf4e9c9478e831433044acd2011.bpmn,0,0,0,0,0,0,14,8,1,7,1,12,0,0,0,0,0,0,2,0,0,0,0
sid_b992fcba_3f85_4a2f_bfc4_782da54bec68,0df9d8f5249f4d3daddd87bcf805deb8.bpmn,0,0,0,0,0,0,4,2,1,2,1,6,0,0,0,0,0,0,0,0,0,1,1
sid_b9c2ba68_4659_40d2_9471_566c2e91b7ac,1f3365bbfed042f587c425948f58c3d7.bpmn,0,0,0,0,0,0,16,8,1,8,1,13,0,0,0,0,0,0,1,0,1,0,0
sid_ba027c91_c889_476b_8cef_ba0ffb3366ea,2bac0ff02d4a43a5b8a3c7ad8304b2a9.bpmn,0,0,0,0,0,0,18,9,1,9,1,14,0,0,0,0,0,0,1,0,1,0,0
sid_bb5056af_0f3e_4100_86ec_b8ec7381869e,1f015b53fa0d4f138f6f23ab239c8562.bpmn,0,0,0,0,0,0,6,3,1,3,1,4,0,0,0,0,0,0,0,0,0,0,0
sid_bb98ad40_4367_4076_ba83_dc115385b31f,sid_bb98ad40_4367_4076_ba83_dc115385b31f.bpmn,0,0,0,0,0,0,10,5,1,5,1,9,0,0,0,0,0,0,0,0,0,1,0
sid_bb9f5512_1a6a_4909_a016_d39c9de13ba7,6d16c19b07cb48719375b976bd82e269.bpmn,0,0,0,0,0,0,10,8,1,5,1,6,0,0,0,0,0,0,0,0,0,0,0
sid_bbc5974a_d2cc_42ff_9b76_b736403528f2,fdbabf2c73c249729c94699f21c1b41a.bpmn,0,0,0,0,0,0,22,11,1,11,1,19,0,0,0,0,0,0,0,0,0,2,2
sid_bc5324da_e75b_493d_b4d3_43f3a510dfae,05ba51d7dcbe4ccabf253651bba47a50.bpmn,0,0,0,0,0,0,12,7,1,6,1,9,2,2,0,0,0,0,1,0,0,0,0
sid_bce75566_36a6_4093_94c7_b431843dafc9,3c1c7ac2bf4042fe9cd4ed34ce14a188.bpmn,0,0,0,0,0,0,16,10,1,8,1,11,0,0,0,0,0,0,1,0,0,0,0
sid_bceed26a_f84d_4a3f_8acc_7b4053916c2f,6d5c6f0713af497b88a86b6c921ee85d.bpmn,0,0,0,0,0,0,8,4,1,4,1,8,0,0,0,0,0,0,1,0,1,0,0
sid_bd0b944f_960c_4193_b778_3535aa1b6f0d,0cf048d0e09c4ded91d2e366248a2905.bpmn,0,0,0,0,0,0,12,8,1,6,1,11,0,0,0,0,0,0,2,0,0,0,0
sid_bdbde234_c55d_46a0_9e89_62c51f29d161,1d3def7f696649da83598f12eff4bd32.bpmn,0,0,0,0,0,0,8,5,1,4,1,7,0,0,0,0,0,0,1,0,0,0,0
sid_beed21ea_b87d_4b71_abed_7d2c660863dd,1d37ad7e771840c3a1c4172eaf114804.bpmn,0,0,0,0,0,0,6,4,1,3,1,7,0,0,0,0,0,0,1,0,1,0,0
sid_c0d203bb_776d_4613_a83b_5043b338ff91,2f44d79baab44b2ab106d96f96305441.bpmn,0,0,0,0,0,0,4,2,1,2,1,6,0,0,0,0,0,0,0,1,1,0,0
sid_c2b5585f_4ef4_45cc_8cef_2c161facc18c,4a66fc5ebb0c410cbd42b379c60f1205.bpmn,0,0,0,0,0,0,8,4,1,4,1,8,0,0,0,0,0,0,0,1,1,0,0
sid_c2e73efb_ca15_4788_bf32_baae2a9ba8d3,4f44738d0e304c4694383afb2f2e199d.bpmn,0,0,0,0,0,0,8,6,1,4,1,11,0,0,0,0,0,0,2,0,2,0,0
sid_c39a9429_1d58_4e6e_a120_31b3cbfcb503,0a38567c120f4c52be3a5ad6db7b04fa.bpmn,0,0,0,0,0,0,8,4,1,4,1,8,0,0,0,0,0,0,0,1,1,0,0
sid_c41a20ff_f277_4c75_8184_6f3df8a80b2f,3d2543022e5b40339420d7a459e9df39.bpmn,0,0,0,0,0,0,6,4,1,3,1,7,0,0,0,0,0,0,1,0,0,0,1
sid_c4417a54_a50e_4ff3_83f7_0ffc13671109,f404135647444aedabe98bb54c000517.bpmn,0,0,0,0,0,0,22,14,1,11,1,16,0,0,0,0,0,0,1,1,0,0,0
sid_c5244920_c805_44ce_9082_a6db8b78d623,1e7dc4341d7e4b109d8d1d685c19d020.bpmn,0,0,0,0,0,0,16,8,1,8,1,13,0,0,0,0,0,0,0,1,1,0,0
sid_c73a6fe0_6a40_4666_9364_6836ff009bab,0d5a16ab5d4847738b1430c7eb0aff57.bpmn,0,0,0,0,0,0,10,6,1,5,1,13,0,0,1,0,0,0,2,0,2,0,0
sid_c77c1ba4_cd47_432d_95ee_32159b206d55,f8999c896c60460ebc3a53df0b5b49c6.bpmn,0,0,0,0,0,0,18,10,1,9,1,14,0,0,0,0,0,0,1,0,1,0,0
sid_c82bd280_b9a0_46ea_9795_42fcc570b547,faaa2d69a0204e06a57c0f1614578944.bpmn,0,0,0,0,0,0,4,2,1,2,1,6,0,0,0,0,0,0,0,0,0,1,1
sid_cac59592_c105_4f73_b7a5_c0bb535b2c65,6e7c6eef252f4e568593a83242054413.bpmn,0,0,0,0,0,0,14,7,1,7,1,12,0,0,0,0,0,0,2,0,0,0,0
sid_cbccbb71_e269_456a_a216_28b5830a6b6e,00a2ad874ea64afeae32a61fcbb7d3f9.bpmn,0,0,0,0,0,0,6,3,1,3,1,6,0,0,0,0,0,0,1,0,0,0,0
sid_cbd8ffb4_8d68_44e4_8b1c_2499fc7573d4,3dee16f9146b425c91b715735920cd9c.bpmn,0,0,0,0,0,0,22,16,1,11,1,21,0,0,0,0,0,0,2,0,2,1,1
sid_cd5e6cc0_d59c_4bae_9922_f027f6369b8e,03a17872fb3d4760b769b08abe601318.bpmn,0,0,0,0,0,0,10,5,1,5,1,11,0,0,0,0,0,0,2,0,1,0,0
sid_cdcc177e_d782_4c04_99a0_6bd30bb2bd16,f390d257c26f425599eca0516989dae6.bpmn,0,0,0,0,0,0,2,1,1,1,1,2,0,0,0,0,0,0,0,0,0,0,0
sid_d0882a44_376b_41bc_8a7b_90d431bb4f40,5cd78704f6974751a977ff673568e146.bpmn,0,0,0,0,0,0,12,9,1,6,1,11,0,0,0,0,0,0,2,0,0,0,0
sid_d0bbefaa_3f96_46a6_af1e_a3fb8e522206,2a79fb6c81fa4975a1517f84f6a5dbfa.bpmn,0,0,0,0,0,0,12,8,1,6,1,11,0,0,0,0,0,0,2,0,0,0,0
sid_d0cc7bea_14a1_4552_abc4_5799bd5d2ec5,2ba1f71b54d749b19c6af3a60e79c04b.bpmn,0,0,0,0,0,0,14,8,1,7,1,12,0,0,0,0,0,0,2,0,0,0,0
sid_d26ebe6c_cb11_474c_9264_df63a9abdcf4,1e3de728ea3541078b1ad004424c4ad2.bpmn,0,0,0,0,0,0,28,14,1,14,1,24,0,0,0,0,0,0,3,0,0,1,1
sid_d316e739_15a9_4bb6_a367_eefa6b40efb8,0f748dddc977410bb3bbc05b8117e56b.bpmn,0,0,0,0,0,0,8,5,1,4,1,5,0,0,0,0,0,0,0,0,0,0,0
sid_d42a6e84_7f70_4320_aaee_4b7438e441f3,1ae751cd746841f3b3961cefe7db391b.bpmn,0,0,0,0,0,0,36,18,1,18,1,30,0,0,0,0,0,0,2,0,1,2,2
sid_d4b432e0_5b9c_41ce_ad63_2762d5261f9e,f20899ccb81641c9ba76987828d29f60.bpmn,0,0,0,0,0,0,10,5,1,5,1,6,0,0,0,0,0,0,0,0,0,0,0
sid_d4c8d756_07f5_4f53_b9c1_e5841f44bd65,fa1ab640cc1946a2920d933812e348de.bpmn,0,0,0,0,0,0,14,8,1,7,1,12,0,0,0,0,0,0,2,0,0,0,0
sid_d562f234_1b83_4cb9_aa6f_8a3b7fde0e41,fc8e8c2c5e7f471c9aabe90cb3cc5149.bpmn,0,0,0,0,0,0,12,8,1,6,1,9,0,0,0,0,0,0,1,0,0,0,0
sid_d587f9db_6850_41b4_b204_6adb5f79d8b5,4f1f6134f90c4a00a276acceb81603ac.bpmn,0,0,0,0,0,0,10,6,1,5,1,8,0,0,0,0,0,0,1,0,0,0,0
sid_d6eaf6eb_51ba_4071_8ecf_c5e4e25bf2e8,4f389ebc65924d8bb7afe46c34cd18a8.bpmn,0,0,0,0,0,0,5,4,1,2,1,3,0,0,0,0,0,0,0,0,0,0,0
sid_d718f8bf_5b68_4cf0_b9ae_431df67c6855,f045dc659e1f4a86a1eb4b597bdc8356.bpmn,0,0,0,0,0,0,8,7,1,4,1,5,0,0,0,0,0,0,0,0,0,0,0
sid_d8d3781e_3b5a_4864_8c2e_da05b5b75a2b,0ae2e7d8093840cc8a65c475b6275cae.bpmn,0,0,0,0,0,0,6,3,1,3,1,6,0,0,0,0,0,0,1,0,0,0,0
sid_daf7f0c4_1180_4eb5_932a_2b7c50230014,2d887704e5324e6bb2126cef061e50e9.bpmn,0,0,0,0,0,0,16,12,1,8,1,9,0,0,0,0,0,0,0,0,0,0,0
sid_db1fe3a1_1292_420f_821e_b98779a2caed,fae26583b078486c816129855ed003c6.bpmn,0,0,0,0,0,0,4,2,1,2,1,5,0,0,0,0,0,0,1,0,0,0,0
sid_dbf8295b_13d4_4bb1_b976_bc765456e0f8,1da57a4ef30245ea8ed090327611e7d4.bpmn,0,0,0,0,0,0,8,4,1,4,1,5,0,0,0,0,0,0,0,0,0,0,0
sid_dd7a27c7_a916_41b5_a596_d1a83c30cef2,4e8df28e6d9f4afe970d06522542e830.bpmn,0,0,0,0,0,0,28,18,1,14,1,22,0,0,0,0,0,0,2,0,0,1,1
sid_ddb5e175_a293_49ef_a28e_f8c1387c5950,2d5f102915a94ee4af2113fc9bb62024.bpmn,0,0,0,0,0,0,4,2,1,2,1,6,0,0,0,0,0,0,0,1,1,0,0
sid_ddcfd384_6986_4905_b24f_03c8eff01a11,5a7db1035bb949e596dcb983fba1bbc3.bpmn,0,0,0,0,0,0,8,4,1,4,1,8,0,0,0,0,0,0,1,0,1,0,0
sid_dec77b5a_e111_42f7_a484_9e9ed14b9ac4,1c317f3d5ad94b5fa01ded5015d2c1a1.bpmn,0,0,0,0,0,0,10,5,1,5,1,12,0,0,0,0,0,0,3,0,0,0,0
sid_dee95dbc_010c_4377_8b09_b83825a58c09,1ea7c67b3bed4271a8a35e925f9f7bb1.bpmn,0,0,0,0,0,0,12,7,1,6,1,9,0,0,0,0,0,0,1,0,0,0,0
sid_def008ae_ce32_460b_9a80_e86e9ed81930,fd7e0d211fde4b96bf239454a83f0649.bpmn,0,0,0,0,0,0,12,9,1,6,1,12,0,0,0,0,0,0,2,0,1,0,0
sid_df41b892_2233_44b8_9dfb_2591fa242512,2f572d235e784b838fa0d7d2a56748ab.bpmn,0,0,0,0,0,0,26,15,1,13,1,14,0,0,0,0,0,0,0,0,0,0,0
sid_e0cff846_e631_4657_9d55_ab4c98968cd7,fbb0adafe6924f58ac902063a36646fe.bpmn,0,0,0,0,0,0,10,7,1,5,1,12,1,1,0,0,0,0,2,0,2,0,0
sid_e0f63251_ed38_43aa_9419_9089bc4eadfc,1b5a06788e27462885133a53ab67e2bf.bpmn,0,0,0,0,0,0,12,8,1,6,1,11,0,0,0,0,0,0,2,0,0,0,0
sid_e10a5cbc_c283_4709_86cd_d5009481692d,6c9090aeef814120944b4885c7343b63.bpmn,0,0,0,0,0,0,24,14,1,12,1,23,0,0,0,0,0,0,3,0,1,1,1
sid_e348ef99_9e74_4dc8_951e_b17cff1193ed,f260ba10cd5f4fdcbeecae6ffdb51280.bpmn,0,0,0,0,0,0,10,8,1,5,1,6,0,0,0,0,0,0,0,0,0,0,0
sid_e49f3cea_5ae6_4aff_81e7_1e4623f03a7f,4c47de3704a64180832be1535badc25e.bpmn,0,0,0,0,0,0,10,8,1,5,1,10,0,0,0,0,0,0,2,0,0,0,0
sid_e631e938_bbca_48c4_891b_efffb7a38c8e,4b07e926c9274a8abd245a4ac743fd6b.bpmn,0,0,0,0,0,0,12,9,1,6,1,11,0,0,0,0,0,0,2,0,0,0,0
sid_e6fd0602_6129_40a9_a9ab_f71c954710b9,5ee15f85aeb74d8d9e31df0e41fea6fe.bpmn,0,0,0,0,0,0,28,16,1,14,1,30,0,0,0,0,0,0,3,1,4,1,1
sid_e71f49c9_c27f_4166_8ad4_09ce62ba89c2,f74cac2d661b45479852ef0b387e8f59.bpmn,0,0,0,0,0,0,8,6,1,4,1,8,0,0,0,0,0,0,1,0,1,0,0
sid_e80895d5_2a41_4b41_bf0e_a142f2f78eac,3e78fbf10ad243748ab8d36a3ee37836.bpmn,0,0,0,0,0,0,8,5,1,4,1,5,0,0,0,0,0,0,0,0,0,0,0
sid_e967aa1e_efff_465b_b7c2_36340e4acd3b,5f4a49b8b1314348a84a6d4f0c54b68f.bpmn,0,0,0,0,0,0,10,5,1,5,1,12,0,0,0,0,0,0,3,0,0,0,0
sid_e9710829_7fee_4715_b42a_e02beeec0880,f84e9002657d40d983fe41d8dce14327.bpmn,0,0,0,0,0,0,10,8,1,5,1,12,0,0,0,0,0,0,2,0,2,0,0
sid_ece51571_13ba_41d8_8688_057c876cc093,262d9e9b8c224d918fe800cd2a454ddf.bpmn,0,0,0,0,0,0,24,12,1,12,1,20,0,0,0,1,0,0,2,0,0,1,1
sid_ed8dea2c_64c3_4b90_a62f_5aad9cfeb92c,3af80df327d54d4998403d9e84994c48.bpmn,0,0,0,0,0,0,2,2,1,1,1,2,0,0,0,0,0,0,0,0,0,0,0
sid_edab148c_8f79_4e08_b9b1_b11f3b1a0c1f,2aa476e4bbdf451083ec316570f7a3be.bpmn,0,0,0,0,0,0,10,6,1,5,1,8,0,0,0,0,0,0,1,0,0,0,0
sid_ee4a8115_e74d_4116_9842_3c1330350860,1aa98ea4fa044c26b47319de8c1c84b3.bpmn,0,0,0,0,0,0,12,6,1,6,1,11,0,0,0,0,0,0,2,0,0,0,0
sid_ee9539c0_25e5_463f_ba9c_72af1f3d027f,00b699edfbf840e0976def6e158473a5.bpmn,0,0,0,0,0,0,8,5,1,4,1,10,0,0,0,0,0,0,2,0,1,0,0
sid_f04d573b_85a0_4b6a_bddf_5ae31e59fd40,5a3a743150804d3db0d68ac8d03268d7.bpmn,0,0,0,0,0,0,20,10,1,10,1,11,0,0,0,0,0,0,0,0,0,0,0
sid_f07236c8_a53b_44b1_984e_3e5ec80d77b6,3a378558dd174c4687dd27e8eb5e2aec.bpmn,0,0,0,0,0,0,14,9,1,7,1,12,0,0,0,0,0,0,2,0,0,0,0
sid_f13fa857_afb8_4e04_babe_a8a479e0f256,01ea3188350d4e6cb237893a70c30569.bpmn,0,0,0,0,0,0,12,6,1,6,1,7,0,0,0,0,0,0,0,0,0,0,0
sid_f1b08890_4f39_4e63_af0a_5ebce8d08b18,f6172fe687ca4db8aa91ccce225fe09d.bpmn,0,0,0,0,0,0,10,5,1,5,1,10,0,0,0,0,0,0,1,0,0,0,0
sid_f1de28ea_bc74_4c98_8a90_d5492eeae17f,2c23548e2e6740a292b3a4750c9676e8.bpmn,0,0,0,0,0,0,8,7,1,4,1,5,0,0,0,0,0,0,0,0,0,0,0
sid_f411dbd2_4b51_4e5b_82e4_37bd86e337bc,2e7d7f7d8e394d5c9915951da979159f.bpmn,0,0,0,0,0,0,36,19,1,18,1,27,0,0,0,0,0,0,0,0,0,2,2
sid_f5077641_d520_445f_b8db_c8a16a01f10d,2f04be46f06c4a478dd23063b2ccbed9.bpmn,0,0,0,0,0,0,20,10,1,10,1,17,0,0,0,0,0,0,2,0,2,0,0
sid_f6f75c91_0ef6_4ff4_b1f0_6e4a8b52e614,fb6145417e4d4bda9aa54fbb7e37f781.bpmn,0,0,0,0,0,0,4,4,1,2,1,6,0,0,0,0,0,0,0,0,0,1,1
sid_f7977d2a_030d_4201_9c5b_d1f10091eaa4,2d60c8d28c9148fa9d21225b8a2f1a12.bpmn,0,0,0,0,0,0,4,2,1,2,1,6,0,0,0,0,0,0,0,0,0,1,1
sid_f83035e9_58c5_4d98_b329_059167df7174,0eecd764089349e18f37d035bc5b20e9.bpmn,0,0,0,0,0,0,12,8,1,6,1,11,0,0,0,0,0,0,2,0,0,0,0
sid_f8369855_f847_4df1_b2ef_c256d99003ee,4c374408e4fa4882b00a98668ab621c5.bpmn,0,0,0,0,0,0,10,6,1,5,1,8,0,0,0,0,0,0,1,0,0,0,0
sid_f8de0bbf_52ee_4ad4_8479_046e6043e370,fe1990b56eea406391b3beac4993dc52.bpmn,0,0,0,0,0,0,8,7,1,4,1,9,0,0,0,0,0,0,2,0,0,0,0
sid_fa0224fa_acde_4230_9725_e515c9153efc,4ca225a6fabf475682588d60850edbd7.bpmn,0,0,0,0,0,0,22,11,1,11,1,19,0,0,0,0,0,0,0,0,0,2,2
sid_fc0370ec_13bd_4298_9c0a_4e433039676a,2ffd2ece31a0487899d8b598b0ff641b.bpmn,0,0,0,0,0,0,12,8,1,6,1,11,0,0,0,0,0,0,2,0,0,0,0
sid_fdcade68_9565_456a_8d3f_659b55311bef,fd06b9038279475db06a729386d36335.bpmn,0,0,0,0,0,0,20,10,1,10,1,17,0,0,0,0,0,0,0,0,0,2,2
sid_fe38e82e_9918_4783_84bb_d3f3ef4fd95a,6a37c86d485844aa8268217fdfab6673.bpmn,0,0,0,0,0,0,4,2,1,2,1,3,0,0,0,0,0,0,0,0,0,0,0
sid_ff4ddd5a_57c1_405b_902e_3011c2dafa9a,3fc6a79497fe4ce3910675b27a4f6b55.bpmn,0,0,0,0,0,0,10,5,1,5,1,6,0,0,0,0,0,0,0,0,0,0,0